"siteno","station_nm","coords.x1","coords.x2"
"02298202","SHELL CREEK NEAR PUNTA GORDA FL",-81.9356414,26.98478094
"02298123","PRAIRIE CREEK NEAR FORT OGDEN FL",-81.7845267,27.05199986
"02299160","DEER PRAIRIE SLOUGH NEAR NORTH PORT CHARLOTTE  FL",-82.2637032,27.11449895
"02297100","JOSHUA CREEK AT NOCATEE FL",-81.8795282,27.16671794
"02299410","BIG SLOUGH CANAL NEAR MYAKKA CITY FL",-82.1442558,27.1933843
"02297310","HORSE CREEK NEAR ARCADIA FL",-81.9884193,27.19949477
"02296750","PEACE RIVER AT ARCADIA FL",-81.8761946,27.22088245
"02298830","MYAKKA RIVER NEAR SARASOTA FL",-82.3137035,27.240605
"02298760","HOWARD CREEK NEAR SARASOTA FL",-82.3400929,27.28838098
"02298608","MYAKKA RIVER AT MYAKKA CITY FL",-82.1567556,27.3436562
"02298554","MYAKKA RIVER NEAR MYAKKA CITY FL",-82.1492555,27.3661553
"02299861","WALKER CREEK NEAR SARASOTA FL",-82.5442639,27.3678222
"02296500","CHARLIE CREEK NEAR GARDNER FL",-81.7964708,27.37504297
"02298495","MAPLE CREEK NEAR MYAKKA CITY FL",-82.1298107,27.38448789
"023000355","COOPER CREEK AT UNIVERSITY PARKWAY NR SARASOTA FL",-82.4595399,27.388655
"02298527","OGLEBY CK DNSTR FROM BOGGY CK NEAR MYAKKA CITY FL",-82.181756,27.40365397
"02298492","LONG CREEK NEAR MYAKKA CITY FL",-82.1264772,27.4094869
"02298530","COKER CREEK NEAR MYAKKA CITY FL",-82.1750893,27.4097648
"02300037","CEDAR CREEK NEAR SARASOTA FL",-82.4812069,27.41448736
"02300033","BRADEN RIV AT LAKEWOOD RANCH NR LORRAINE FL",-82.4261111,27.42055556
"02300034","HICKORY HAMMOCK CREEK NEAR LORRAINE FL",-82.4320391,27.421987
"02300032","BRADEN RIVER NEAR LORRAINE FL",-82.4164832,27.4225425
"02300038","RATTLESNAKE SLOUGH NEAR SARASOTA FL",-82.490096,27.42365367
"02298488","MYAKKA RIVER UPST FROM YOUNGS CK NR MYAKKA CITY FL",-82.1386997,27.4292084
"02300039","NONSENSE CREEK NEAR BRADENTON FL",-82.4675954,27.4347643
"02296260","CHARLIE CREEK NEAR CREWSVILLE FL",-81.6784128,27.45948376
"02299950","MANATEE RIVER NEAR MYAKKA HEAD FL",-82.211201,27.47365137
"02300000","MANATEE RIVER NEAR BRADENTON FL",-82.3012029,27.47531814
"02296223","LITTLE CHARLEY BOWLEGS CREEK NEAR SEBRING FL",-81.5567431,27.4780935
"02297155","HORSE CREEK NEAR MYAKKA HEAD FL",-82.0234197,27.4872613
"02300018","GAMBLE CREEK NEAR PARRISH FL",-82.3895379,27.55337054
"02300210","SOUTH FORK LITTLE MANATEE RIVER NEAR PARRISH FL",-82.2112009,27.60197978
"02295420","PAYNE CREEK NEAR BOWLING GREEN FL",-81.8256384,27.62059006
"02300300","SOUTH FORK LITTLE MANATEE RIVER NEAR WIMAUMA FL",-82.294258,27.6494778
"02300500","LITTLE MANATEE RIVER NEAR WIMAUMA FL",-82.3525925,27.67114344
"02300530","CYPRESS CREEK NEAR WIMAUMA FL",-82.3637038,27.70780854
"02294898","PEACE RIVER AT FORT MEADE FL",-81.7820266,27.7514193
"08211900","San Fernando Ck at Alice",-98.033613,27.77252575
"02300700","BULLFROG CREEK NEAR WIMAUMA FL",-82.3520369,27.79197208
"02301300","SOUTH PRONG ALAFIA RIVER NEAR LITHIA FL",-82.1175877,27.79669525
"02308935","SAINT JOE CREEK AT PINELLAS PARK FL",-82.6956554,27.81419235
"02294781","PEACE RIVER NEAR HOMELAND FL",-81.7995263,27.8211393
"02308889","SEMINOLE LAKE OUTLET NEAR LARGO FL",-82.7803798,27.83919117
"02294775","PEACE RIVER AT CLEAR SPRINGS NEAR BARTOW FL",-81.8075,27.86333333
"02308870","PINEBROOK CN AT BRYAN DAIRY RD AT PINELLAS PARK FL",-82.7370453,27.8722458
"02301500","ALAFIA RIVER AT LITHIA FL",-82.2112008,27.872248
"02301738","ARCHIE CREEK AT 78TH STREET NEAR TAMPA FL",-82.3706484,27.88002457
"02294655","PEACE RIVER NEAR BARTOW FL",-81.8044444,27.88305556
"08211500","Nueces Rv at Calallen",-97.625273,27.88307697
"02301000","NORTH PRONG ALAFIA RIVER AT KEYSVILLE FL",-82.10008689,27.8839148
"02301740","NORTH ARCHIE CREEK AT PROGRESS BLVD. NEAR TAMPA FL",-82.3498147,27.8966908
"02301745","DELANEY CREEK POPOFF CANAL NEAR TAMPA FL",-82.3770375,27.902246
"02294650","PEACE RIVER AT BARTOW FL",-81.8173036,27.90224784
"02308865","ROOSEVELT CANAL AT STR 23-8 NR PINELLAS PARK FL",-82.6756549,27.90752248
"02307780","LONG BRANCH NEAR PINELLAS PARK FL",-82.7248228,27.91585545
"02293986","PEACE CREEK DRAINAGE CANAL NEAR ALTURAS FL",-81.7075792,27.92335788
"02294161","PEACE CREEK NEAR BARTOW FL",-81.7955556,27.92444444
"02301750","DELANEY CREEK NEAR TAMPA FL",-82.3642595,27.9258564
"02301350","LITTLE ALAFIA RIVER NEAR HOPEWELL FL",-82.1561993,27.93780175
"02294491","SADDLE CREEK AT STRUCTURE P-11 NEAR BARTOW FL",-81.8511927,27.93835785
"02301800","SIXMILE CREEK AT TAMPA FL",-82.3684263,27.9666883
"02307671","ALLIGATOR CR BELOW US HWY 19 AT CLEARWATER FL",-82.7273228,27.97529783
"02307668","ALLIGATOR CREEK BELOW BELCHER RD AT CLEARWATER FL",-82.7423232,27.9797421
"02294068","LULU LAKE OUTLET AT ELOISE FL",-81.7295237,27.98446716
"02301793","EAST LAKE OUTFALL AT E. CHELSEA ST. NEAR TAMPA FL",-82.37175969,27.985021
"02306647","SWEETWATER CREEK NEAR TAMPA FL",-82.5450963,28.01390775
"02309415","CURLEW CREEK AT EVANS ROAD NEAR DUNEDIN FL",-82.7406565,28.02335166
"02304500","HILLSBOROUGH RIVER NEAR TAMPA FL",-82.4275939,28.02390784
"02303205","BAKER CREEK AT MCINTOSH ROAD NEAR ANTIOCH FL",-82.2453678,28.02835317
"02293694","PEACE CREEK DRAINAGE CANAL NEAR DUNDEE FL",-81.6595218,28.03085389
"08211000","Nueces Rv nr Mathis",-97.8602769,28.03834719
"02309421","CURLEW CREEK AT BELCHER ROAD NEAR OZONA FL",-82.7475,28.04
"02306500","SWEETWATER CREEK NEAR SULPHUR SPRINGS FL",-82.5117623,28.04307328
"02294217","SADDLE CREEK AT ST.HWY 542 NEAR LAKELAND FL",-81.876192,28.04418733
"08189800","Chiltipin Ck at Sinton",-97.5038832,28.04695919
"02309425","CURLEW CREEK AT COUNTY ROAD 1 NEAR OZONA FL",-82.7587125,28.0469618
"02305851","CURIOSITY CREEK AT 122ND AVE NEAR SULPHUR SPGS. FL",-82.4612055,28.05862836
"02306950","BRUSHY CREEK NEAR CITRUS PARK FL",-82.5553744,28.06501684
"02306774","ROCKY CREEK AT ST HWY 587 AT CITRUS PARK FL",-82.5658333,28.06583333
"02303300","FLINT CREEK NEAR THONOTOSASSA FL",-82.2675895,28.0680729
"02306289","LAKE MAGDALENE OUTLET NEAR LUTZ FL",-82.5000954,28.07418316
"02307445","SOUTH BRANCH BROOKER CREEK NEAR OLDSMAR FL",-82.6977778,28.07705556
"02303800","CYPRESS CREEK NEAR SULPHUR SPRINGS FL",-82.4091667,28.08888889
"02307359","BROOKER CREEK NEAR TARPON SPRINGS FL",-82.6873219,28.09612675
"02303330","HILLSBOROUGH R AT MORRIS BR NEAR THONOTOSASSA FL",-82.31138889,28.0986111
"02303350","TROUT CREEK NEAR SULPHUR SPRINGS FL",-82.3619444,28.1347222
"02302500","BLACKWATER CREEK NEAR KNIGHTS FL",-82.15,28.1397222
"02307323","BROOKER CREEK NEAR LAKE FERN FL",-82.6398209,28.14084726
"02307243","BROOKER CREEK NEAR ODESSA FL",-82.5942643,28.14751363
"02303000","HILLSBOROUGH RIVER NEAR ZEPHYRHILLS FL",-82.23175318,28.15029044
"02303100","NEW RIVER NEAR ZEPHYRHILLS FL",-82.265087,28.16556714
"02301900","FOX BRANCH NEAR SOCRUM",-82.0125,28.18194444
"02309848","SOUTH BRANCH ANCLOTE RIVER NEAR ODESSA FL",-82.5533611,28.18544444
"02301990","HILLSBOROUGH R AB CRYSTAL SPR NEAR ZEPHYRHILLS FL",-82.1841667,28.18555556
"02303420","CYPRESS CREEK AT WORTHINGTON GARDENS FL",-82.4022222,28.1872222
"02310000","ANCLOTE RIVER NEAR ELFERS FL",-82.6664882,28.21417784
"02309980","ANCLOTE RIVER NR ODESSA FL",-82.63509859,28.2216775
"02310300","PITHLACHASCOTEE RIVER NEAR NEW PORT RICHEY FL",-82.6429044,28.25731495
"08189700","Aransas Rv nr Skidmore",-97.620829,28.28250426
"08189500","Mission Rv at Refugio",-97.2791593,28.29195088
"08194500","Nueces Rv nr Tilden",-98.5572384,28.30888906
"02310947","WITHLACOOCHEE RIVER NEAR CUMPRESSCO",-82.05591468,28.31195156
"02303400","CYPRESS CREEK NEAR SAN ANTONIO FL",-82.3836111,28.32388889
"02310280","PITHLACHASCOTEE RIVER NEAR FIVAY JUNCTION FL",-82.5367636,28.329172
"02311500","WITHLACOOCHEE RIVER NEAR DADE CITY",-82.12591619,28.3525042
"02310800","WITHLACOOCHEE RIVER NR EVA",-81.8186886,28.36084067
"08194600","Nueces Rv at Simmons",-98.284454,28.42138408
"08194000","Nueces Rv at Cotulla",-99.2400322,28.42637889
"08210000","Nueces Rv nr Three Rivers",-98.1780625,28.42749545
"08206600","Frio Rv at Tilden",-98.5475174,28.46749279
"02312000","WITHLACOOCHEE RIVER AT TRILBY",-82.17758499,28.4799981
"08189300","Medio Ck nr Beeville",-97.656663,28.48305164
"08206910","Choke Canyon Res OWC nr Three Rivers",-98.2416752,28.48610326
"08207000","Frio Rv at Calliham",-98.3466783,28.49221399
"08193000","Nueces Rv nr Asherton",-99.6819935,28.50026313
"02310525","WEEKI WACHEE RIVER NEAR BROOKSVILLE FL",-82.5823215,28.51888454
"02312300","WITHLACOOCHEE RIVER AT RITAL FL",-82.209253,28.5211073
"08188570","San Antonio Rv nr McFaddin",-97.0426944,28.53125
"02312200","LITTLE WITHLACOOCHEE RIVER AT RERDELL",-82.155363,28.57277286
"08206700","San Miguel Ck nr Tilden",-98.5458513,28.58748787
"02312500","WITHLACOOCHEE RIVER AT CROOM",-82.222032,28.5927714
"08208000","Atascosa Rv at Whitsett",-98.2813988,28.62220899
"02312558","WITHLACOOCHEE RIVER AT NOBLETON",-82.25703368,28.644436
"08188500","San Antonio Rv at Goliad",-97.3848583,28.6492861
"02312635","JUMPER CREEK NR SUMTERVILLE",-82.05480599,28.6963808
"02312640","JUMPER CREEK CANAL NEAR BUSHNELL",-82.1039741,28.6972136
"02312645","JUMPER CREEK CANAL NEAR WAHOO",-82.1570313,28.70443503
"02312598","WITHLACOOCHEE RIVER NR PINEOLA",-82.2423118,28.7241557
"08164800","Placedo Ck nr Placedo",-96.7688702,28.72527137
"08177500","Coleto Ck nr Victoria",-97.1386004,28.73110317
"08205500","Frio Rv nr Derby",-99.1447556,28.73664429
"02312600","WITHLACOOCHEE RIVER NEAR FLORAL CITY",-82.2200892,28.74359973
"08177300","Perdido Ck at FM 622 nr Fannin",-97.3172142,28.7516564
"08176500","Guadalupe Rv at Victoria",-97.0130429,28.7930456
"02312700","OUTLET RIVER AT PANACOOCHEE RETREATS",-82.1528658,28.8002651
"02312690","CHITTY CHATTY CREEK NR WILDWOOD",-81.9828609,28.80943313
"08177000","Coleto Ck nr Schroeder",-97.1863786,28.83165447
"02312722","WITHLACOOCHEE RIVER NR RUTLAND",-82.2209241,28.85192929
"08176900","Coleto Ck at Arnold Rd Crsg nr Schroeder",-97.2263791,28.86165308
"08207500","Atascosa Rv nr McCoy",-98.3383454,28.86497693
"08164600","Garcitas Ck nr Inez",-96.8191486,28.8913759
"08186500","Ecleto Ck nr Runge",-97.7722221,28.92025419
"08162600","Tres Palacios Rv nr Midfield",-96.1710747,28.92803769
"08183500","San Antonio Rv nr Falls City",-98.0641723,28.95164067
"08164000","Lavaca Rv nr Edna",-96.6863668,28.95998449
"08162500","Colorado Rv nr Bay City",-96.0124588,28.9741462
"02313000","WITHLACOOCHEE RIVER NEAR HOLDER",-82.3495406,28.98886759
"02313230","WITHLACOOCHEE R AT INGLIS DAM NEAR DUNNELLON",-82.6167699,29.00997485
"08186000","Cibolo Ck nr Falls City",-97.9302808,29.01413869
"08164500","Navidad Rv nr Ganado",-96.5524733,29.0258147
"08176000","Guadalupe Rv bl Cuero",-97.2647124,29.051645
"08164390","Navidad Rv at Strane Pk nr Edna",-96.6741434,29.06553568
"08164504","E Mustang Ck nr Louise",-96.4171913,29.07081227
"08164503","W Mustang Ck nr Ganado",-96.4680278,29.07185833
"08175800","Guadalupe Rv at Cuero",-97.3297129,29.09053147
"08192000","Nueces Rv bl Uvalde",-99.8947822,29.12385307
"08204005","Leona Rv nr Uvalde",-99.7433888,29.1544077
"08079000","Oyster Ck nr Angleton",-95.4757753,29.15857735
"08164450","Sandy Ck nr Ganado",-96.5463608,29.1602539
"02314200","TENMILE CREEK AT LEBANON STATION",-82.6389958,29.16108158
"08191500","Nueces Rv nr Uvalde",-99.8961713,29.19579516
"02313700","WACCASASSA RIVER NR GULF HAMMOCK",-82.769001,29.20413378
"08175000","Sandies Ck nr Westhoff",-97.4494353,29.2152475
"08181800","San Antonio Rv nr Elmendorf",-98.3558463,29.2221853
"08180800","Medina Rv nr Somerset",-98.5814074,29.26218286
"08181500","Medina Rv at San Antonio",-98.4908493,29.2641276
"08185500","Cibolo Ck at Sutherland Springs",-98.0533333,29.2797222
"08162000","Colorado Rv at Wharton",-96.1038482,29.30913668
"08117500","San Bernard Rv nr Boling",-95.8938421,29.31357967
"08198500","Sabinal Rv at Sabinal",-99.4804722,29.31430556
"08178565","San Antonio Rv at Loop 410",-98.4502932,29.32218127
"08180640","Medina Rv at La Coste",-98.813081,29.3241246
"08181480","Leon Ck at IH 35",-98.5841856,29.32995837
"08180700","Medina Rv nr Macdona",-98.689744,29.33495798
"02323592","SUWANNEE RIVER AB GOPHER RIVER NR SUWANNEE FL",-83.086515,29.33940554
"08116650","Brazos Rv nr Rosharon",-95.5824448,29.3496858
"08178800","Salado Ck at Loop 13",-98.4127925,29.35718017
"08078000","Chocolate Bayou nr Alvin",-95.3230476,29.37154349
"08178050","San Antonio Rv at Mitchell St",-98.4947392,29.39301189
"08178000","San Antonio Rv at San Antonio",-98.495017,29.40967796
"08190000","Nueces Rv at Laguna",-99.997287,29.42856679
"08163500","Lavaca Rv at Hallettsville",-96.9449819,29.4432973
"08185100","Martinez Ck nr Saint Hedwig",-98.1688889,29.44388889
"08114500","Brazos Rv nr Juliff",-95.5329996,29.45551617
"08164300","Navidad Rv nr Hallettsville",-96.812756,29.466908
"08115000","Big Ck nr Needville",-95.8030067,29.47190769
"08174600","Peach Ck bl Dilworth",-97.3166565,29.47412787
"08190500","W Nueces Rv nr Brackettville",-100.2391667,29.48108333
"08173900","Guadalupe Rv at Gonzales",-97.4502702,29.48440414
"08195000","Frio Rv at Concan",-99.7047756,29.48856496
"08198000","Sabinal Rv nr Sabinal",-99.4928241,29.4910644
"08180500","Medina Rv nr Riomedina",-98.9055,29.498
"08177700","Olmos Ck at Dresden Dr",-98.5102958,29.4991192
"08185065","Cibolo Ck nr Saint Hedwig",-98.18625,29.50144444
"08196000","Dry Frio Rv nr Reagan Wells",-99.7814452,29.50467576
"08116400","Dry Ck nr Rosenberg",-95.7468942,29.51190593
"08169792","Guadalupe Rv at FM 1117 nr Seguin",-97.8809444,29.53616667
"08200000","Hondo Ck nr Tarpley",-99.2476889,29.57003056
"08201500","Seco Ck at Miller Rh nr Utopia",-99.4030997,29.573284
"08114000","Brazos Rv at Richmond",-95.7577275,29.5824589
"02323500","SUWANNEE RIVER NEAR WILCOX",-82.9365131,29.58968017
"08173500","San Marcos Rv at Ottine",-97.5880889,29.59260833
"08076997","Clear Ck at Mykawa St nr Pearland",-95.2974366,29.5968991
"08077000","Clear Ck nr Pearland",-95.2866029,29.59745458
"08075400","Sims Bayou at Hiram Clarke St",-95.4460522,29.61884399
"08075605","Berry Bayou at Nevada St",-95.2291011,29.65661915
"08074800","Keegans Bayou at Roark Rd nr Houston",-95.5621664,29.65662136
"08172000","San Marcos Rv at Luling",-97.6508314,29.66634037
"08074810","Brays Bayou at Gessner Dr",-95.5282765,29.6727317
"08075500","Sims Bayou at Houston",-95.2893807,29.67439687
"08179000","Medina Rv nr Pipe Creek",-98.9761429,29.67550339
"08168797","Dry Comal Ck at Loop 337 nr New Braunfels",-98.1548333,29.688
"08075730","Vince Bayou at Pasadena",-95.216323,29.69467363
"08075000","Brays Bayou at Houston",-95.412162,29.69717469
"08169500","Guadalupe Rv at New Braunfels",-98.1066748,29.69800265
"08173000","Plum Ck nr Luling",-97.6036082,29.699673
"08161000","Colorado Rv at Columbus",-96.5369155,29.7063454
"08169000","Comal Rv at New Braunfels",-98.1222083,29.70640833
"08074760","Brays Bayou at Alief",-95.583,29.7091197
"08168500","Guadalupe Rv abv Comal Rv at New Braunfels",-98.1100083,29.7149465
"08178880","Medina Rv at Bandera",-99.070035,29.72383537
"02322016","BLUES CREEK NEAR GAINSVILLE",-82.4314979,29.72829934
"08072300","Buffalo Bayou nr Katy",-95.8068951,29.74328664
"08073700","Buffalo Bayou at Piney Point",-95.5235538,29.7468959
"08074000","Buffalo Bayou at Houston",-95.4085505,29.76022829
"08073500","Buffalo Bayou nr Addicks",-95.6057782,29.7618958
"08073600","Buffalo Bayou at W Belt Dr",-95.5577213,29.76217336
"08067525","Goose Ck at Baytown",-94.9996503,29.77078197
"08183900","Cibolo Ck nr Boerne",-98.7094694,29.77498889
"08074500","Whiteoak Bayou at Houston",-95.3971612,29.77522777
"08183890","Cibolo Ck at Cibolo Nature Cntr nr Boerne",-98.7128306,29.78113056
"02324000","STEINHATCHEE RIVER NEAR CROSS CITY",-83.3215262,29.78661294
"02323000","SUWANNEE RIVER NEAR BELL",-82.924293,29.79134359
"08075770","Hunting Bayou at IH 610",-95.2679907,29.79328217
"08160800","Redgate Ck nr Columbus",-96.5321933,29.79911967
"08075763","Hunting Bayou at Hoffman St",-95.3132696,29.80883745
"08183850","Cibolo Ck at IH 10 abv Boerne",-98.7536379,29.81466345
"08074250","Brickhouse Gully at Costa Rica St",-95.469385,29.82800424
"08072730","Bear Ck nr Barker",-95.6868912,29.8307828
"02320700","SANTA FE RIVER NEAR GRAHAM",-82.2195493,29.84635394
"02322500","SANTA FE RIVER NEAR FORT WHITE",-82.7151204,29.84884769
"08074150","Cole Ck at Deihl Rd",-95.4879965,29.8513369
"08167800","Guadalupe Rv at Sattler",-98.1800106,29.85910758
"08167500","Guadalupe Rv nr Spring Branch",-98.3836275,29.8604957
"08076500","Halls Bayou at Houston",-95.3349365,29.86189143
"08072760","Langham Ck at W Little York Rd nr Addicks",-95.646612,29.86717035
"08074020","Whiteoak Bayou at Alabonson Rd",-95.4804961,29.87078073
"08111700","Mill Ck nr Bellville",-96.2052402,29.88106145
"08170500","San Marcos Rv at San Marcos",-97.9341718,29.88910804
"08160500","Colorado Rv at La Grange",-96.8710913,29.89605925
"08160400","Colorado Rv abv La Grange",-96.9038699,29.9124474
"08076000","Greens Bayou nr Houston",-95.3068796,29.9182784
"08167600","Rebecca Ck nr Spring Branch",-98.3697387,29.91854906
"08172400","Plum Ck at Lockhart",-97.6791667,29.92299833
"08076180","Garners Bayou nr Humble",-95.2339608,29.93386089
"08166500","Guadalupe Rv nr Comfort",-98.892533,29.94938219
"08068720","Cypress Ck at Katy-Hockley Rd nr Hockley",-95.8082835,29.9502237
"02320500","SUWANNEE RIVER AT BRANFORD",-82.9276278,29.955785
"08075900","Greens Bayou nr US Hwy 75 nr Houston",-95.4179936,29.95688886
"08068740","Cypress Ck at House-Hahl Rd nr Cypress",-95.7177249,29.959112
"08449000","Devils Rv nr Juno",-101.1453849,29.96353604
"08167000","Guadalupe Rv at Comfort",-98.8971667,29.96523889
"08067500","Cedar Bayou nr Crosby",-94.9857602,29.97271914
"08068800","Cypress Ck at Grant Rd nr Cypress",-95.5985545,29.97355566
"08171300","Blanco Rv nr Kyle",-97.9100051,29.97938297
"08171000","Blanco Rv at Wimberley",-98.088898,29.9943808
"08071500","San Jacinto Rv nr Huffman",-95.1335413,29.99466384
"02321000","NEW RIVER NR LAKE BUTLER FLA",-82.2739992,29.9982954
"08159500","Colorado Rv at Smithville",-97.1619321,30.01272074
"08068780","Little Cypress Ck nr Cypress",-95.6974463,30.01605437
"08069500","W Fk San Jacinto Rv nr Humble",-95.2579888,30.02716385
"08069000","Cypress Ck nr Westfield",-95.428827,30.0357753
"02330400","NEW RIVER NEAR SUMATRA",-84.843799,30.03881356
"08166200","Guadalupe Rv at Kerrville",-99.163375,30.053266
"02324500","FENHOLLOWAY RIVER AT FOLEY",-83.5579246,30.06549165
"08165500","Guadalupe Rv at Hunt",-99.3217122,30.06993074
"07385700","BYU TECHE @ KEYSTONE LOCK NR ST. MARTINVILLE",-91.8292836,30.07103537
"08068090","W Fk San Jacinto Rv abv Lk Houston nr Porter",-95.2999348,30.0860514
"02324400","FENHOLLOWAY RIVER NEAR FOLEY",-83.4718112,30.09827057
"02320000","SUWANNEE RIVER AT LURAVILLE",-83.1715247,30.09994513
"08166000","Johnson Ck nr Ingram",-99.2831006,30.10020707
"08159200","Colorado Rv at Bastrop",-97.3194368,30.10466154
"08068325","Willow Ck nr Tomball",-95.5466084,30.10549526
"08041700","Pine Island Bayou nr Sour Lake",-94.3346324,30.1060464
"08071280","Luce Bayou abv Lk Houston nr Huffman",-95.0599294,30.10966019
"08068500","Spring Ck nr Spring",-95.4363275,30.11049517
"08068275","Spring Ck nr Tomball",-95.6460559,30.11993899
"08158827","Onion Ck at Twin Creeks Rd nr Manchaca",-97.8211161,30.12632345
"02330300","NEW RIVER NEAR WILMA",-84.8957456,30.1279782
"08111500","Brazos Rv nr Hempstead",-96.1877387,30.12910626
"08068450","Panther Br nr Spring",-95.4777175,30.1343832
"02359315","MARTIN BAYOU AT US 98 AT SPRINGFIELD",-85.6154821,30.13520204
"08070200","E Fk San Jacinto Rv nr New Caney",-95.1243756,30.1454932
"08158810","Bear Ck bl FM 1826 nr Driftwood",-97.9400076,30.15548749
"02326000","ECONFINA RIVER NEAR PERRY",-83.8237679,30.17076448
"02330150","OCHLOCKONEE RIVER NR SMITH CREEK",-84.6679637,30.17658934
"08159000","Onion Ck at US Hwy 183",-97.6886138,30.17798987
"08031000","Cow Bayou nr Mauriceville",-93.9085058,30.18632045
"08158970","Williamson Ck at Jimmy Clay Rd",-97.732504,30.189378
"08068390","Bear Br at Research Blvd",-95.4911111,30.19055556
"08068400","Panther Br at Gosling Rd",-95.4838288,30.192159
"08158840","Slaughter Ck at FM 1826 nr Austin",-97.9033409,30.2090972
"08152900","Pedernales Rv nr Fredericksburg",-98.8697609,30.22048147
"08158930","Williamson Ck at Manchaca Rd",-97.7936168,30.22132064
"08071000","Peach Ck at Splendora",-95.1682662,30.2327137
"08158920","Williamson Ck at Oak Hill",-97.8602848,30.23520806
"08068000","W Fk San Jacinto Rv nr Conroe",-95.4571616,30.24465738
"02319800","SUWANNEE RIVER AT DOWLING PARK",-83.24958439,30.2449425
"08158000","Colorado Rv at Austin",-97.6800556,30.24613889
"08155541","W Bouldin Ck at Oltorf Rd",-97.7691667,30.24666667
"08153000","Pedernales Rv at Stonewall",-98.6669773,30.250202
"08070500","Caney Ck nr Splendora",-95.3024361,30.25965789
"08158035","Boggy Ck at Webberville Rd",-97.7125,30.26305556
"08155400","Barton Ck abv Barton Spgs at Austin",-97.772228,30.26354168
"02326900","ST. MARKS RIVER NEAR NEWPORT",-84.1482508,30.2714311
"08155240","Barton Ck at Lost Ck Blvd nr Austin",-97.8447296,30.2740957
"08156800","Shoal Ck at W 12th St",-97.7502834,30.27659704
"08158600","Walnut Ck at Webberville Rd",-97.655003,30.2832642
"08157500","Waller Ck at 23rd St",-97.7338942,30.28576347
"08158030","Boggy Ck at Manor Rd",-97.7086111,30.2861111
"08153500","Pedernales Rv nr Johnson City",-98.3994674,30.29186695
"08155200","Barton Ck at SH 71 nr Oak Hill",-97.925565,30.29631587
"08157000","Waller Ck at 38th St",-97.7269497,30.29715196
"08030500","Sabine Rv nr Ruliff",-93.7437784,30.30381684
"08110000","Yegua Ck nr Somerville",-96.5074683,30.3218773
"08156910","Waller Ck at Koenig Lane",-97.7227778,30.32277778
"02315500","SUWANNEE RIVER AT WHITE SPRINGS",-82.7381826,30.3257812
"08016800","BEAR HEAD CK NR STARKS",-93.6290536,30.33325975
"08070000","E Fk San Jacinto Rv nr Cleveland",-95.1040999,30.33659809
"08109700","Middle Yegua Ck nr Dime Box",-96.9047037,30.33937764
"08067650","W Fk San Jacinto Rv bl Lk Conroe nr Conroe",-95.542998,30.34215289
"08156675","Shoal Ck at Silverway Dr",-97.7388889,30.35416667
"08041000","Neches Rv at Evadale",-94.0932373,30.35576378
"08110200","Brazos Rv at Washington",-96.1552366,30.36131908
"02326500","AUCILLA RIVER AT LAMONT",-83.80682559,30.36992847
"02315520","SWIFT CREEK AT FACIL FLA",-82.79985119,30.3707788
"08154700","Bull Ck at Loop 360 nr Austin",-97.7847301,30.37214825
"07386000","BYU CARENCRO NR SUNSET",-92.0431756,30.37658758
"02330000","OCHLOCKONEE RIVER NR BLOXHAM",-84.6549109,30.38325266
"02359500","ECONFINA CREEK NEAR BENNETT",-85.5565932,30.3846406
"02319500","SUWANNEE RIVER AT ELLAVILLE",-83.1718058,30.38466196
"08154510","Colorado Rv bl Mansfield Dam",-97.9080665,30.39186795
"02315550","SUWANNEE RIVER AT SUWANNEE SPRINGS FLA",-82.9331875,30.3929988
"07385500","BAYOU TECHE @ ARNAUDVILLE",-91.9306728,30.3974195
"08041500","Village Ck nr Kountze",-94.2635215,30.3979862
"02378300","MAGNOLIA RIVER AT US 98 NEAR FOLEY",-87.7369323,30.40658669
"08109800","E Yegua Ck nr Dime Box",-96.8174791,30.40743105
"08110100","Davidson Ck nr Lyons",-96.5402466,30.41965196
"08154000","Pedernales Rv nr Spicewood",-98.0808487,30.4210311
"02358700","APALACHICOLA RIVER NR BLOUNTSTOWN",-85.0313059,30.42519625
"08066500","Trinity Rv at Romayor",-94.8507622,30.4252067
"02330100","TELOGIA CREEK NR BRISTOL",-84.92769349,30.426585
"07386500","BYU BOURBEAU @ SHUTESTON",-92.0917879,30.42797613
"08030000","Cypress Ck nr Buna",-93.9079544,30.4313169
"02376100","BAYOU MARCUS CREEK NR PENSACOLA",-87.2905288,30.44825279
"08159150","Wilbarger Ck nr Pflugerville",-97.6008373,30.4546469
"07378500","Amite River near Denham Springs",-90.99038,30.464079
"08016400","BECKWITH CK NR DE QUINCY",-93.3598842,30.471033
"08012000","Bayou Nezpique near Basile",-92.63175,30.48077778
"08066300","Menard Ck nr Rye",-94.7797222,30.48138889
"02359450","ECONFINA CREEK NEAR FOUNTAIN",-85.52492729,30.48213846
"02319300","WITHLACOOCHEE RIVER NR MADISON FLA",-83.2429207,30.48243547
"02481510","WOLF RIVER NR LANDON",-89.2744444,30.4836111
"02376115","ELEVENMILE CREEK NEAR PENSACOLA",-87.3358086,30.49825159
"02471078","FOWL RIVER AT HALF-MILE RD NEAR LAURENDINE",-88.1813906,30.50075106
"08016600","HICKORY BRANCH NR KERNAN",-93.279327,30.50158793
"08015500","Calcasieu River near Kinder",-92.9154167,30.50255556
"07376000","Tickfaw River at Holden",-90.6773163,30.5038016
"08150000","Llano Rv nr Junction",-99.7345097,30.50435487
"07376500","Natalbany River at Baptist",-90.545924,30.50435795
"07375500","Tangipahoa River at Robert",-90.3617524,30.50658047
"02315000","SUWANNEE R NR BENTON FLA",-82.7162406,30.5074414
"02480500","TUXACHANIE CREEK NR BILOXI",-88.9113889,30.51
"02329600","LITTLE RIVER NR MIDWAY",-84.5235206,30.5124192
"08148500","N Llano Rv nr Junction",-99.806179,30.5174101
"02359000","CHIPOLA RIVER NR ALTHA",-85.1651996,30.53408319
"02378500","FISH RIVER NEAR SILVER HILL AL",-87.79860149,30.54547146
"02329700","ROCKY COMFORT CREEK NR QUINCY",-84.6357461,30.54575035
"02329000","OCHLOCKONEE RIVER NR HAVANA",-84.3840715,30.55408644
"02367006","ALAQUA CREEK NEAR PORTLAND",-86.1791086,30.5563056
"02367310","JUNIPER CREEK AT STATE HWY 85 NR NICEVILLE",-86.5193954,30.5574179
"08152000","Sandy Ck nr Kingsland",-98.4722511,30.557689
"02481000","BILOXI RIVER AT WORTHAM",-89.1219444,30.5586111
"02369600","YELLOW RIVER NR MILTON",-86.9235732,30.569639
"08066250","Trinity Rv nr Goodrich",-94.9488223,30.57214544
"02492343","EAST HOBOLOCHITTO CREEK NR CAESAR",-89.5947222,30.57416667
"02329500","LITTLE RIVER NR QUINCY",-84.4965763,30.58741806
"02329534","QUINCY CREEK AT STATE HWY 267 AT QUINCY",-84.5804676,30.60019458
"02377570","STYX RIVER NEAR ELSANOR",-87.5472057,30.6057484
"02479310","PASCAGOULA RIVER AT GRAHAM FERRY",-88.64138889,30.61055556
"08109000","Brazos Rv nr Bryan",-96.4866328,30.61408925
"07375000","Tchefuncte River near Folsom",-90.2486954,30.6160223
"02367000","ALAQUA CREEK NR DEFUNIAK SPRINGS",-86.1638306,30.61685928
"07382500","Bayou Courtableau at Washington",-92.0556741,30.61825175
"02365769","BRUCE CREEK AT SH 81 NR REDBAY",-85.9424358,30.6246363
"08104900","S Fk San Gabriel Rv at Georgetown",-97.6911204,30.6257499
"07377240","Little Sandy Creek near Greenwell Springs",-90.9889918,30.6268527
"02366000","HOLMES CREEK AT VERNON",-85.7121531,30.62685899
"08108700","Brazos Rv at SH 21 nr Bryan",-96.544135,30.6268665
"08105400","San Gabriel Rv nr Circleville",-97.4733356,30.62880763
"08066191","Livingston Res Outflow Weir nr Goodrich",-95.0199355,30.63214193
"08013500","Calcasieu River near Oberlin",-92.8140368,30.6404757
"08150800","Beaver Ck nr Mason",-99.0958848,30.64351548
"08105300","San Gabriel Rv nr Weir",-97.585284,30.646028
"08105000","San Gabriel Rv at Georgetown",-97.6552863,30.6540824
"08150700","Llano Rv nr Mason",-99.1092185,30.66073685
"08104700","N Fk San Gabriel Rv nr Georgetown",-97.7113993,30.6618592
"02492360","WEST HOBOLOCHITTO CREEK NR MCNEILL",-89.6861111,30.6622222
"02366996","ALAQUA CREEK NEAR PLEASANT RIDGE",-86.1866092,30.66908
"02376033","ESCAMBIA RIVER NR MOLINO",-87.2669179,30.6701917
"02370700","POND CREEK NR MILTON",-87.1319134,30.6807469
"08015000","BUNDICK CK NR DRY CK",-93.0376553,30.68214139
"07375960","Tickfaw River at Montpelier",-90.6431509,30.68629707
"02376500","PERDIDO RIVER AT BARRINEAU PARK",-87.440258,30.69046866
"08105100","Berry Ck nr Georgetown",-97.6561202,30.69130304
"08106300","Brushy Ck nr Rockdale",-97.0785997,30.69408463
"08105700","San Gabriel Rv at Laneport",-97.2788849,30.69436146
"02369000","SHOAL RIVER NR CRESTVIEW",-86.570786,30.69741268
"0810464660","N Fk San Gabriel Rv at Reagan Blvd nr Leander",-97.8492222,30.69775
"08014500","Ouiska Chitto Creek Near Oberlin",-92.8931944,30.69875
"02358000","APALACHICOLA RIVER AT CHATTAHOOCHEE FLA",-84.8590871,30.7010251
"08105095","Berry Ck at Airport Rd nr Georgetown",-97.6663985,30.70324685
"02317500","ALAPAHA RIVER AT STATENVILLE",-83.0331955,30.7041006
"02370500","BIG COLDWATER CREEK NR MILTON",-86.972186,30.70852375
"08066200","Long King Ck at Livingston",-94.9588237,30.716306
"08151000","Llano Rv nr Castell",-98.8836566,30.7168457
"08028700","HOOSIER CK NR MERRYVILLE",-93.5601731,30.7257561
"02480002","HAMILTON CREEK AT SNOW ROAD NEAR SEMMES",-88.2763955,30.7260225
"08106310","San Gabriel Rv nr Rockdale",-97.0388761,30.7276942
"02368300","BAGGETT CREEK NR MILLIGAN",-86.6596768,30.72796734
"02479300","RED CREEK AT VESTRY",-88.7811111,30.7361111
"08028500","Sabine Rv nr Bon Wier",-93.608508,30.74714557
"08151500","Llano Rv at Llano",-98.6697599,30.7512899
"02368000","YELLOW RIVER AT MILLIGAN",-86.6291207,30.7529664
"07377500","Comite River near Olive Branch",-91.0439935,30.7565718
"02358789","CHIPOLA RIVER AT MARIANNA FL",-85.2163178,30.77297064
"02365500","CHOCTAWHATCHEE RIVER AT CARYVILLE",-85.827711,30.77574389
"02479980","CROOKED CREEK NEAR FAIRVIEW",-88.3188979,30.78018805
"08011500","Boggy Bayou @ LA-Hwy 106 nr Pine Prairie",-92.4676111,30.78105556
"08040600","Neches Rv nr Town Bluff",-94.1510237,30.79103579
"02489500","Pearl River near Bogalusa",-89.8209072,30.79324276
"02368500","SHOAL RIVER NR MOSSY HEAD",-86.3068906,30.7960205
"02376000","PINE BARREN CREEK NEAR BARTH",-87.3680333,30.7987991
"02471001","CHICKASAW CREEK NEAR KUSHLA AL",-88.1433355,30.80296466
"08014000","SIXMILE CK NR SUGARTOWN",-92.92626389,30.81463839
"08014800","Bundick Creek near DeRidder",-93.2301619,30.81880557
"08029500","Big Cow Ck nr Newton",-93.7855556,30.81888889
"02471000","CHICKASAW CREEK NEAR WHISTLER AL",-88.1538914,30.82046418
"02370000","BLACKWATER RIVER NR BAKER",-86.7346786,30.8335197
"08106500","Little Rv nr Cameron",-96.9466512,30.83519047
"08014200","TENMILE CK NR ELIZABETH",-92.87404,30.8365823
"02491500","Bogue Chitto River at Franklinton",-90.16203,30.84296176
"02479200","FLINT CREEK NR WIGGINS",-89.0750474,30.84463366
"02479160","BLACK CREEK NR WIGGINS",-88.9136111,30.85333333
"02479945","BIG CREEK AT COUNTY RD 63 NEAR WILMER",-88.3338988,30.85601968
"02365470","WRIGHTS CREEK AT SH 177-A NR BONIFAY",-85.7621545,30.8571301
"08066000","Trinity Rv at Riverside",-95.39883,30.85935514
"02479500","ESCATAWPA RIVER NEAR WILMER AL",-88.417792,30.8624092
"02328000","TIRED CREEK NEAR CAIRO",-84.2626808,30.86519119
"02490000","BOGUE LUSA CK NR FRANKLINTON",-90.0028588,30.86824004
"08111000","Navasota Rv nr Bryan",-96.1924592,30.8696352
"02327500","OCHLOCKONEE RIVER NEAR THOMASVILLE",-84.0454502,30.87574687
"08065800","Bedias Ck nr Madisonville",-95.7777778,30.8847222
"07377000","Amite River near Darlington",-90.8445454,30.8890694
"02376300","BRUSHY CREEK NEAR WALNUT HILL",-87.5399837,30.88935179
"08066170","Kickapoo Ck nr Onalaska",-95.0885468,30.9071324
"08103900","S Fk Rocky Ck nr Briggs",-98.0369676,30.91156805
"02356000","FLINT RIVER AT BAINBRIDGE",-84.5799144,30.91157714
"08144500","San Saba Rv at Menard",-99.7856254,30.91906245
"07373500","WEST FORK THOMPSON CR NR WAKEFIELD",-91.293166,30.92240137
"02367900","YELLOW RIVER NR OAK GROVE",-86.5593967,30.92518288
"08065700","Caney Ck nr Madisonville",-95.9355084,30.9368559
"02365200","CHOCTAWHATCHEE RIVER NR PITTMAN",-85.84299,30.94990438
"07384000","W PROTECTION LEVE N PLAUCHEVIL LA",-91.9153972,30.9529651
"08104000","Lampasas Rv at Youngsport",-97.7086262,30.95740298
"02375500","ESCAMBIA RIVER NEAR CENTURY",-87.2341395,30.96518304
"08104500","Little Rv nr Little River",-97.346113,30.9665723
"08110800","Navasota Rv at Old San Antonio Rd nr Bryan",-96.2416274,30.9737987
"02479000","PASCAGOULA RIVER AT MERRILL",-88.7269444,30.97805556
"07382000","Bayou Cocodrie near Clearwater",-92.3802778,31.00027778
"08104100","Lampasas Rv nr Belton",-97.4925088,31.0018485
"08144600","San Saba Rv nr Brady",-99.2689437,31.0040595
"02375000","BIG ESCAMBIA CREEK AT FLOMATON AL",-87.2627518,31.01073709
"07375280","TANGIPAHOA RIVER AT OSYKA",-90.4611111,31.0122222
"08039500","Angelina Rv nr Ebenezer",-94.1521372,31.01519664
"08033500","Neches Rv nr Rockland",-94.3994444,31.025
"02479155","CYPRESS CREEK NR JANICE",-89.0166667,31.02527778
"08098300","Little Pond Ck nr Burlington",-96.9883214,31.02657314
"02369800","BLACKWATER RIVER NEAR BRADLEY AL",-86.7099567,31.02767985
"07383500","Bayou Des Glaises Diversion Ch. at Moreauville",-91.9826212,31.03324368
"02357000","SPRING CREEK NEAR IRON CITY",-84.74,31.04027778
"08066100","White Rk Ck nr Trinity",-95.3779964,31.05185075
"02479130","BLACK CREEK NR BROOKLYN",-89.2041667,31.05194444
"08026000","Sabine Rv nr Burkeville",-93.5196165,31.06408004
"02374250","CONECUH RIVER AT STATE HWY 41 NEAR BREWTON",-87.0616352,31.06712374
"08102500","Leon Rv nr Belton",-97.4413967,31.07017947
"08065500","Trinity Rv nr Midway",-95.6993922,31.07462984
"08103800","Lampasas Rv nr Kempner",-98.0166919,31.0793403
"02374700","MURDER CREEK AT STATE HWY 41 AT BREWTON",-87.06885829,31.10101137
"02475000","LEAF RIVER NR MCLAIN",-88.8083333,31.10277778
"02364500","PEA RIVER NEAR SAMSON AL",-86.0993868,31.11267588
"02344000","CHATTAHOOCHEE RIVER AT ALAGA",-85.0452068,31.11518186
"07383000","CHATLIN LK CANAL NR LECOMPTE",-92.3445769,31.1196322
"02364570","PANTHER CREEK NEAR HACODA AL",-86.1868896,31.12100846
"02374950","BIG ESCAMBIA CR AT SARDINE BR NR STANLEY CROSSROAD",-87.3705353,31.12962115
"02374745","BURNT CORN CREEK AT STATE HWY 41 NEAR BREWTON",-87.0871928,31.1298991
"08033000","Neches Rv nr Diboll",-94.8099306,31.13296574
"08098290","Brazos Rv nr Highbank",-96.8249826,31.13407098
"08145000","Brady Ck at Brady",-99.3350553,31.13822366
"08033300","Piney Ck nr Groveton",-95.0866021,31.14046214
"02478500","CHICKASAWHAY RIVER AT LEAKESVILLE",-88.5480556,31.1486111
"02318000","LITTLE RIVER NEAR ADEL",-83.5436111,31.15555556
"02361500","CHOCTAWHATCHEE RIVER NEAR BELLWOOD AL",-85.7843789,31.15934229
"08027500","BYU ANACOCO NR LEESVILLE",-93.3515565,31.15990866
"02479431","POND CREEK NEAR DEER PARK AL",-88.3619574,31.16101118
"02374000","CONECUH RIVER NEAR BROOKLYN",-86.7999624,31.16378587
"08110500","Navasota Rv nr Easterly",-96.297743,31.17018205
"08025360","Sabine Rv at Toledo Bd Res nr Burkeville",-93.5660077,31.1737991
"02490500","BOGUE CHITTO NR TYLERTOWN",-90.2794444,31.17694444
"02343940","SAWHATCHEE CREEK AT CEDAR SPRINGS",-85.0436111,31.18083333
"08144800","Brady Ck nr Eden",-99.841183,31.1843324
"08128000","S Concho Rv at Christoval",-100.5020388,31.18711186
"08038500","Angelina Rv nr Zavalla",-94.2946431,31.2115792
"08146000","San Saba Rv at San Saba",-98.7194871,31.21322316
"08147000","Colorado Rv nr San Saba",-98.564484,31.21794515
"02474560","LEAF RIVER NR NEW AUGUSTA",-89.0530556,31.22166667
"07295000","BUFFALO RIVER NR WOODVILLE",-91.2955556,31.22694444
"02489000","PEARL RIVER NR COLUMBIA",-89.8469444,31.23777778
"02429595","LITTLE RIVER NEAR URIAH AL",-87.6138785,31.2421169
"02372500","CONECUH RIVER NEAR ANDALUSIA AL",-86.6002372,31.25544969
"02343801","CHATTAHOOCHEE RIVER NEAR COLUMBIA",-85.1102076,31.2593438
"02362240","LITTLE DOUBLE BRIDGES CREEK NR ENTERPRISE",-85.9582737,31.27239318
"08130500","Dove Ck at Knickerbocker",-100.6309318,31.27405465
"02343500","CHATTAHOOCHEE R AT COLUMBIA",-85.099374,31.2837877
"08101000","Cowhouse Ck at Pidcoke",-97.8850244,31.2848902
"08097500","Brazos Rv nr Marlin",-96.969713,31.28850993
"02354800","ICHAWAYNOCHAWAY CREEK NEAR ELMODEL",-84.4919444,31.29388889
"02353000","FLINT RIVER AT NEWTON",-84.33888889,31.30694444
"08025500","Bayou Toro near Toro",-93.5157295,31.30712737
"08131400","Pecan Ck nr San Angelo",-100.4459254,31.30905356
"08097000","Cow Bayou at Mooreville",-97.1380545,31.31267377
"07355500","RED R @ ALEXANDRIA",-92.4429148,31.31296019
"07292500","HOMOCHITTO RIVER AT ROSETTA",-91.1094444,31.3247222
"08129300","Spring Ck abv Tankersley",-100.6403767,31.33016396
"02474500","TALLAHALA CREEK NR RUNNELSTOWN",-89.1125,31.33277778
"08065350","Trinity Rv nr Crockett",-95.6563407,31.33851319
"02361000","CHOCTAWHATCHEE RIVER NEAR NEWTON",-85.6104912,31.3429492
"02473000","LEAF RIVER AT HATTIESBURG",-89.2802778,31.34305556
"02354500","CHICKASAWHATCHEE CREEK AT ELMODEL",-84.4825,31.35055556
"02354000","ALLIGATOR CR JULIA JONES RD NR MILFORD",-84.5660254,31.35490047
"08131000","Spring Ck nr Tankersley",-100.5350958,31.35849668
"02372422","CONECUH RIVER BEL PT A DAM NR RIVER FALLS",-86.5196826,31.3612799
"02360500","EAST FORK CHOCTAWHATCHEE R NEAR MIDLAND CITY AL",-85.47715769,31.37322677
"02353500","ICHAWAYNOCHAWAY CREEK AT MILFORD",-84.54638889,31.38277778
"02316000","ALAPAHA RIVER NEAR ALAPAHA",-83.1923758,31.3843626
"08024500","Palo Gaucho Bayou nr Hemphill",-93.8357408,31.38629438
"08039100","Ayish Bayou nr San Augustine",-94.1510289,31.39629597
"07354000","LITTLE SANDY CK @ KISATCHIE",-93.1709987,31.40850984
"02374500","MURDER CREEK NEAR EVERGREEN AL",-86.9866403,31.41850006
"02472500","BOUIE CREEK NR HATTIESBURG",-89.4147222,31.42583333
"08128400","Middle Concho Rv abv Tankersley",-100.7112125,31.42738264
"08100500","Leon Rv at Gatesville",-97.7583333,31.4347222
"08132500","S Concho Rv at San Angelo",-100.4253701,31.44599499
"02373000","SEPULGA RIVER NEAR MCKENZIE AL",-86.7869139,31.4537758
"08136000","Concho Rv at San Angelo",-100.4106474,31.454606
"08037000","Angelina Rv nr Lufkin",-94.7263206,31.45740447
"08135000","N Concho Rv at San Angelo",-100.4478712,31.46599438
"08024400","Sabine Rv nr Milam",-93.7449052,31.4671247
"08138000","Colorado Rv at Winchell",-99.1622726,31.46793807
"02488700","WHITESAND CREEK NR OAKVALE",-89.9736111,31.47055556
"02343300","ABBIE CREEK NEAR HALEBURG AL",-85.162431,31.47350458
"07354100","KISATCHIE BAYOU AT LOTUS",-93.1387764,31.48461776
"02472850","OKATOMA CREEK AT SANFORD",-89.4333333,31.48916667
"08136700","Colorado Rv nr Stacy",-99.5739532,31.49376898
"07291000","HOMOCHITTO RIVER AT EDDICETON",-90.7775,31.50305556
"08038000","Attoyac Bayou nr Chireno",-94.3043677,31.50434957
"08110430","Big Ck nr Freestone",-96.3246953,31.5068396
"08095300","Middle Bosque Rv nr McGregor",-97.365845,31.50933179
"08110400","Navasota Rv nr Groesbeck",-96.450533,31.5123942
"08024200","BYU LA NANA NR ZWOLLE",-93.6512915,31.51573308
"08136500","Concho Rv at Paint Rock",-99.9195226,31.5159908
"08143600","Pecan Bayou nr Mullin",-98.740603,31.5173861
"08096500","Brazos Rv at Waco",-97.0733325,31.53600056
"07373000","Big Creek at Pollock",-92.4084714,31.5362873
"02470100","BASSETT CREEK AT WALKER SPRINGS",-87.78999679,31.53766149
"02429500","ALABAMA RIVER AT CLAIBORNE AL",-87.5124908,31.54682748
"02488500","PEARL RIVER NR MONTICELLO",-90.0880556,31.55333333
"02353400","PACHITLA CREEK NEAR EDISON",-84.6808333,31.555
"08095400","Hog Ck nr Crawford",-97.3564004,31.5557199
"02429000","LIMESTONE CREEK NEAR MONROEVILLE AL",-87.3516534,31.56266077
"08065200","Upper Keechi Ck nr Oakwood",-95.8882938,31.56989618
"02470000","TOMBIGBEE RIVER NEAR LEROY",-88.031393,31.57210695
"02371500","CONECUH RIVER AT BRANTLEY AL",-86.2516226,31.57349458
"08110325","Navasota Rv abv Groesbeck",-96.520814,31.57433657
"08032500","Neches Rv nr Alto",-95.1659965,31.57945569
"07373250","HEMPHILL CREEK AT NEBO",-92.1320768,31.5846188
"08134000","N Concho Rv nr Carlsbad",-100.6370449,31.5926549
"02352500","FLINT RIVER AT ALBANY",-84.1441667,31.59416667
"02363000","PEA RIVER NEAR ARITON AL",-85.7829975,31.59488716
"02372250","PATSALIGA CREEK NEAR BRANTLEY AL",-86.40551809,31.59627177
"08095600","Bosque Rv nr Waco",-97.1936165,31.60127597
"07354500","HORSEPEN CK NR PROVENCAL",-93.2015564,31.60155864
"02428500","BIG FLAT CREEK NEAR FOUNTAIN AL",-87.4124889,31.60849226
"02428400","ALABAMA RIVER AT CLAIBORNE L&D NEAR MONROEVILLE",-87.550548,31.61515849
"08037050","Bayou Lanana at Nacogdoches",-94.6413205,31.61629047
"08065000","Trinity Rv nr Oakwood",-95.7894029,31.64850597
"08024000","BYU SAN MIGUEL NR ZWOLLE",-93.652959,31.65295085
"02478000","BUCKATUNNA CREEK AT DENHAM",-88.5216938,31.65349438
"08095200","N Bosque Rv at Valley Mills",-97.4694602,31.66960575
"08036500","Angelina Rv nr Alto",-94.9527152,31.67184364
"02477500","CHICKASAWHAY RIVER NR WAYNESBORO",-88.6833712,31.6796052
"02473500","TALLAHALA CREEK AT LAUREL",-89.1155556,31.68083333
"07353500","NANTACHIE CK NR MONTGOMERY",-92.8779341,31.6876672
"02477990","BUCKATUNNA CREEK NR DENHAM",-88.5191667,31.69416667
"07351900","BYU DUPONT NR ROBELINE",-93.3273939,31.7043336
"02472000","LEAF RIVER NR COLLINS",-89.4069444,31.70694444
"08126380","Colorado Rv nr Ballinger",-100.0264755,31.71542973
"07372500","BYU FUNNY LOUIS NR TROUT",-92.2223579,31.71628193
"08023500","BYU SAN PATRICIO NR NOBLE",-93.7071277,31.7210049
"02372000","PATSALIGA CREEK AT LUVERNE AL",-86.2782944,31.72432298
"08143500","Pecan Bayou at Brownwood",-98.9739388,31.73181874
"08126500","Colorado Rv at Ballinger",-99.9539744,31.73292864
"02469800","SATILPA CREEK NEAR COFFEEVILLE AL",-88.0225066,31.7443247
"08127000","Elm Ck at Ballinger",-99.9478636,31.74931697
"07372200","Little River near Rochelle",-92.3445833,31.7543363
"02469761","TOMBIGBEE R AT COFFEEVILLE L&D NR COFFEEVILLE",-88.1291763,31.75849066
"08023200","Tenaha Ck nr Shelbyville",-94.0840835,31.76572914
"08095000","N Bosque Rv nr Clifton",-97.5680748,31.785991
"08100000","Leon Rv nr Hamilton",-98.1214238,31.78876325
"02488000","PEARL RIVER AT ROCKPORT",-90.1425,31.79083333
"08093100","Brazos Rv nr Aquilla",-97.2977882,31.8123822
"02371200","INDIAN CREEK NEAR TROY AL",-86.1207899,31.81404388
"07353000","SALINE BYU NR CLARENCE",-92.94877,31.8182192
"08133500","N Concho Rv at Sterling City",-100.9937215,31.83013918
"08141500","Hords Ck nr Valera",-99.5347911,31.83431205
"08093500","Aquilla Ck nr Aquilla",-97.2013961,31.84460414
"08064700","Tehuacana Ck nr Streetman",-96.2899755,31.84849638
"08033900","E Fk Angelina Rv nr Cushing",-94.8232697,31.86017169
"02470072","BASSETT CREEK AT US HIGHWAY 43 NR THOMASVILLE",-87.7472247,31.86404249
"08023400","Bayou San Patricio near Benson",-93.65851499,31.8751667
"08064800","Catfish Ck nr Tennessee Colony",-95.8688514,31.8809985
"08032000","Neches Rv nr Neches",-95.430786,31.89239037
"08093360","Aquilla Ck abv Aquilla",-97.2030634,31.8954362
"08093400","Cobb Ck nr Abbott",-97.0994485,31.91987996
"02343200","PATAULA CREEK NEAR LUMPKIN",-84.8032561,31.9343259
"07372050","Dugdemona River near Joyce",-92.6033333,31.93694444
"08063100","Richland Ck nr Dawson",-96.6813787,31.9384908
"08063500","Richland Ck nr Richland",-96.42137,31.95071375
"08099500","Leon Rv nr Hasse",-98.4592116,31.9579235
"07351748","W BRANCH DOLET BYU @ RAMBIN",-93.4515644,31.95988518
"08023080","Bayou Grand Cane near Stanley",-93.9411609,31.9627225
"02473460","TALLAHALA CREEK AT WALDRUP",-89.115,31.9661111
"08022500","Sabine Rv at Logansport",-94.0063014,31.97238949
"08140700","Pecan Bayou nr Cross Cut",-99.1303376,31.9726444
"08023000","BYU CASTOR NR LOGANSPORT",-93.9696338,31.97377803
"07372000","DUGDEMONA RIVER NEAR WINNFIELD",-92.6529273,31.97516204
"08034500","Mud Ck nr Jacksonville",-95.1607787,31.97655578
"02487500","STRONG RIVER AT D`LO",-89.8975,31.97777778
"08063048","White Rk Ck at FM 308 nr Irene",-96.8733333,31.97805556
"02427250","PINE BARREN CREEK NEAR SNOW HILL",-87.0683187,31.99625809
"08093250","Hackberry Ck at Hillsboro",-97.1500069,32.00571108
"07350500","(COE) Red River at Coushatta",-93.3529502,32.01266134
"08022765","BAYOU CASTOR NEAR FUNSTON",-93.9599109,32.01599906
"02342933","SOUTH FORK COWIKEE CREEK NEAR BATESVILLE AL",-85.2957704,32.0176572
"07290650","BAYOU PIERRE NR WILLOWS",-90.8783333,32.0186111
"07352800","GRAND BYU NR COUSHATTA",-93.3022222,32.04833333
"08022300","Murvaul Bayou nr Gary",-94.3754778,32.0484985
"02469550","HORSE CREEK NEAR SWEETWATER AL",-87.87000959,32.04931658
"08094500","Green Ck nr Alexander",-98.2297629,32.074033
"02425500","CEDAR CREEK AT MINTER",-86.9838737,32.07931124
"07370500","CASTOR CK NR GRAYSON",-92.2070828,32.0821028
"02351500","MUCKALEE CREEK NEAR AMERICUS",-84.2580556,32.08305556
"07351700","BYU NA BONCHASSE NR MANSFIELD",-93.69601419,32.1015505
"08064500","Chambers Ck nr Corsicana",-96.3708135,32.10820817
"08099300","Sabana Rv nr De Leon",-98.6056067,32.11402957
"02427500","ALABAMA RIVER NEAR MILLERS FERRY AL",-87.39944009,32.11458938
"08062700","Trinity Rv at Trinidad",-96.1024708,32.14765255
"08092000","Nolan Rv at Blum",-97.402794,32.15070534
"07367630","(COE) Ouachita R. at Columbia L&D nr Riverton",-92.1126359,32.1668215
"08099100","Leon Rv nr De Leon",-98.5331058,32.1737502
"02477000","CHICKASAWHAY RIVER AT ENTERPRISE",-88.8197222,32.17583333
"02469500","TUCKABUM CREEK NEAR BUTLER AL",-88.1700211,32.18347759
"02349900","TURKEY CREEK AT BYROMVILLE",-83.9022222,32.19555556
"08064100","Chambers Ck nr Rice",-96.5202639,32.1984823
"07371500","Dugdemona River near Jonesboro",-92.8015434,32.2071015
"08093700","N Bosque Rv at Stephenville",-98.1989298,32.2156959
"02425200","BIG SWAMP CREEK NEAR ORRVILLE AL",-87.1633239,32.2215303
"08091500","Paluxy Rv at Glen Rose",-97.7772512,32.23153166
"08022400","Socagee Ck nr Carthage",-94.0921336,32.23182724
"07371000","GARRETT CREEK AT JONESBORO LA",-92.7265413,32.23210074
"07350000","LOGGY BAYOU NR NINOCK",-93.4265624,32.2362691
"08062650","Cedar Ck Res Spillway Outflow nr Trinidad",-96.1435843,32.23792597
"08063800","Waxahachie Ck nr Bardwell",-96.6402676,32.2434807
"07352000","Saline Bayou near Lucky",-92.9765484,32.2501572
"08091000","Brazos Rv nr Glen Rose",-97.7025268,32.25903188
"07352500","BLACK LK BYU NR CASTOR",-93.2140568,32.26126889
"08091750","Squaw Ck nr Glen Rose",-97.7325278,32.2701423
"02486000","PEARL RIVER AT JACKSON",-90.1788889,32.28138889
"08022070","Martin Ck nr Tatum",-94.4915904,32.2957125
"02349500","FLINT RIVER AT MONTEZUMA",-84.0437965,32.29821336
"02476600","OKATIBBEE CREEK AT ARUNDEL",-88.7536111,32.29833333
"07351500","Cypress Bayou near Keithville",-93.8277778,32.3
"02421000","CATOMA CREEK NEAR MONTGOMERY AL",-86.2994126,32.30736239
"08031200","Kickapoo Ck nr Brownsboro",-95.6055158,32.3095926
"02469000","KINTERBISH CREEK NEAR YORK AL",-88.1833569,32.31680765
"02342500","UCHEE CREEK NEAR FORT MITCHELL",-85.014931,32.31681467
"02475500","CHUNKY RIVER NR CHUNKY",-88.9091667,32.3261111
"08022040","Sabine Rv nr Beckville",-94.3535302,32.32737887
"02468500","CHICKASAW BOGUE NEAR LINDEN AL",-87.7908442,32.3293083
"08063000","Cedar Ck nr Mabank",-96.1683078,32.32931125
"07290000","BIG BLACK RIVER NR BOVINA",-90.6969444,32.34777778
"08083300","Elm Ck nr Abilene",-99.8078673,32.35235006
"02476000","OKATIBBEE CREEK NR MERIDIAN",-88.7567136,32.35292135
"02485700","HANGING MOSS CREEK NR JACKSON",-90.1447222,32.365
"02476500","SOWASHEE CREEK AT MERIDIAN",-88.6772222,32.36777778
"07351000","BOGGY BYU NR KEITHVILLE",-93.8224031,32.3765448
"08020700","Rabbit Ck at Kilgore",-94.9032716,32.38820599
"02341910","OCHILLEE CREEK AT OCHILLEE",-84.8425,32.39388889
"02423000","ALABAMA RIVER AT SELMA AL",-87.0186007,32.40569225
"02420000","ALABAMA RIVER NEAR MONTGOMERY",-86.40830579,32.41152597
"02341800","UPATOI CREEK NEAR COLUMBUS",-84.8199281,32.41347774
"08020900","Sabine Rv bl Longview",-94.7099324,32.41681793
"08062500","Trinity Rv nr Rosser",-96.4630415,32.42652988
"07369500","Tensas River at Tendal",-91.36678139,32.43208704
"02468000","ALAMUCHEE CREEK NEAR CUBA AL",-88.3333638,32.43347255
"02426000","BOGUECHITTO CREEK NEAR BROWNS AL",-87.3338863,32.43846926
"02341725","PINE KNOT CREEK NEAR EELBEECK",-84.7332603,32.4393099
"02419890","TALLAPOOSA RIVER NEAR MONT.-MONT. WATER WORKS",-86.1955222,32.43985898
"02425000","CAHABA RIVER NEAR MARION JUNCTION AL",-87.1802715,32.44402456
"07288955","YAZOO RIVER BL STEELE BAYOU NR LONG LAKE",-90.9141667,32.44416667
"07349860","Red Chute Bayou at Sligo",-93.5946203,32.44737586
"08083470","Cedar Ck at Abilene",-99.7206435,32.4490142
"02420500","AUTAUGA CREEK AT PRATTVILLE",-86.47497479,32.45846908
"02341500","CHATTAHOOCHEE RIVER AT COLUMBUS",-84.9977096,32.4626431
"08083420","Cat Claw Ck at Abilene",-99.7492556,32.47540219
"02419000","UPHAPEE CREEK NEAR TUSKEGEE AL",-85.69495359,32.4768045
"07368000","Boeuf River near Girard",-91.797904,32.48125346
"08049580","Mountain Ck nr Venus",-97.1230646,32.49097237
"08083480","Cedar Ck at IH 20",-99.7161995,32.49956829
"07369000","Bayou Lafourche near Crew Lake",-91.9180556,32.5
"08062800","Cedar Ck nr Kemp",-96.1127508,32.50347129
"07367000","(COE)Ouachita River at Monroe",-92.1255556,32.50527778
"02418500","TALLAPOOSA RIVER BELOW TALLASSEE AL",-85.8891253,32.51263566
"08062900","Kings Ck nr Kaufman",-96.3291479,32.5134711
"07348500","(COE) Red River at Shreveport",-93.7404565,32.5154297
"07344450","Paw Paw Bayou near Greenwood",-93.9724054,32.51681896
"02467000","TOMBIGBEE R AT DEMOPOLIS L&D NEAR COATOPA",-87.8783476,32.51958077
"08020000","Sabine Rv nr Gladewater",-94.9602175,32.52708909
"02424590","CAHABA RIVER NEAR SUTTLE",-87.198884,32.5293002
"02424940","OAKMULGEE CREEK NEAR AUGUSTIN",-87.0899926,32.5329114
"02466500","BIG PRAIRIE CREEK NEAR GALLION",-87.6811194,32.5412458
"02418760","CHEWACLA CREEK AT CHEWACLA STATE PARK NR AUBURN",-85.4805044,32.5481918
"08062895","Kings Ck at SH 34 nr Kaufman",-96.3388889,32.5561111
"08086050","Deep Ck at Moran",-99.170074,32.55929085
"08019200","Sabine Rv nr Hawkins",-95.206614,32.55986369
"08083245","Mulberry Ck nr Hawley",-99.7925909,32.5678991
"02483001","SOUTH CANAL TUSCOLAMETA CREEK NR WALNUT GROVE",-89.4686111,32.5736111
"08057450","Tenmile Ck at SH 342",-96.756108,32.57846916
"08049700","Walnut Ck nr Mansfield",-97.1019533,32.5809695
"08049600","Mountain Ck nr Cedar Hill",-97.0233397,32.5843025
"02483000","TUSCOLAMETA CREEK AT WALNUT GROVE",-89.465,32.58833333
"08083240","Clear Fk Brazos Rv at Hwy 83 nr Hawley",-99.8145556,32.5985
"07289730","BIG BLACK RIVER NR BENTONIA",-90.3638889,32.60305556
"08048970","Village Ck at Everman",-97.2650142,32.60346909
"08019500","Big Sandy Ck nr Big Sandy",-95.0916099,32.6040291
"08018500","Sabine Rv nr Mineola",-95.4857901,32.61374667
"02411000","COOSA RIVER AT JORDAN DAM NEAR WETUMPKA AL",-86.2549702,32.6140204
"08090800","Brazos Rv nr Dennis",-97.9258703,32.61568907
"02418230","SOUGAHATCHEE CREEK AT CO RD 188 NR LOACHAPOKA",-85.5880076,32.62680015
"08090500","Palo Pinto Ck nr Santo",-98.1808781,32.630964
"08062000","E Fk Trinity Rv nr Crandall",-96.4852651,32.6387442
"08046000","Clear Fk Trinity Rv nr Aledo",-97.564468,32.6412442
"07348000","Twelvemile Bayou near Dixie",-93.8779585,32.6459805
"08086290","Big Sandy Ck abv Breckenridge",-99.0045146,32.64845613
"08047000","Clear Fk Trinity Rv nr Benbrook",-97.4419642,32.66513275
"02483500","PEARL RIVER NR LENA",-89.6461111,32.6672222
"07346050","Little Cypress Ck nr Ore City",-94.7510435,32.6726406
"08083230","Clear Fk Brazos Rv nr Noodle",-100.0725999,32.67455998
"07365000","BYU D'ARBONNE NR DUBACH",-92.6529278,32.6807021
"02410000","PATERSON CREEK NEAR CENTRAL AL",-86.1277446,32.68179654
"08084000","Clear Fk Brazos Rv at Nugent",-99.6695326,32.6901186
"08047050","Marys Ck at Benbrook",-97.4472422,32.6951316
"08057445","Prairie Ck at US Hwy 175",-96.6699955,32.70485346
"07349800","CYPRESS BYU NR BENTON",-93.6876776,32.70570078
"02484500","YOCKANOOKANY RIVER NR OFAHOMA",-89.6719444,32.7061111
"02482550","PEARL RIVER NR CARTHAGE",-89.5263889,32.7072222
"08086150","N Fk Hubbard Ck nr Albany",-99.2750778,32.7076192
"08057410","Trinity Rv bl Dallas",-96.7358319,32.70763139
"08061950","S Mesquite Ck at Mercury Rd",-96.5702689,32.72568565
"08047500","Clear Fk Trinity Rv at Ft Worth",-97.3589063,32.732353
"08086212","Hubbard Ck bl Albany",-99.1406299,32.73289717
"07346080","Big Cypress Ck abv SH 43 nr Karnack",-94.2325,32.7386111
"02340500","MOUNTAIN OAK CREEK NEAR HAMILTON",-85.0688256,32.74124347
"07346000","Big Cypress Bayou nr Jefferson",-94.4988102,32.74958345
"08050100","Mountain Ck at Grand Prairie",-96.9261111,32.7498611
"08048000","W Fk Trinity Rv at Ft Worth",-97.3325167,32.76096337
"02482500","LOBUTCHA CREEK NR CARTHAGE",-89.4589583,32.76124627
"08049500","W Fk Trinity Rv at Grand Prairie",-96.9944444,32.7625
"08019000","Lake Fk Ck nr Quitman",-95.4630094,32.76318386
"07365500","MIDDLE FK BYU D'ARBONNE NR BERNICE",-92.658484,32.76403375
"07348800","FLAT LICK BYU NR LETON",-93.2668351,32.76958987
"08017500","Sabine Rv nr Emory",-95.7991307,32.77318113
"08061750","E Fk Trinity Rv nr Forney",-96.5035991,32.7742947
"08057000","Trinity Rv at Dallas",-96.8219464,32.7748517
"02466030","BLACK WARRIOR RIVER AT SELDEN L & D NEAR EUTAW",-87.8405687,32.77790835
"07346045","Black Cypress Bayou at Jefferson",-94.3574153,32.7779173
"08083100","Clear Fk Brazos Rv nr Roby",-100.3887183,32.78760777
"07349795","CYPRESS BAYOU ABOVE BENTON LA",-93.7076777,32.78764235
"07368500","BIG COLEWA BYU NR OAK GROVE",-91.5015072,32.798743
"02482000","PEARL RIVER AT EDINBURG",-89.335,32.79888889
"08017410","Sabine Rv nr Wills Point",-95.9194109,32.8062358
"02448900","BODKA CREEK NEAR GEIGER",-88.3119761,32.80707585
"08056500","Turtle Ck at Dallas",-96.8025013,32.80735055
"08048800","Big Fossil Ck at Haltom City",-97.2486256,32.80735146
"08057300","White Rk Ck at White Rk Lk",-96.725832,32.80873904
"02466000","BLACK WARRIOR RIVER NEAR EUTAW",-87.8161236,32.8187405
"02449000","TOMBIGBEE RIVER AT GAINESVILLE",-88.1566917,32.8251306
"08088450","Big Cedar Ck nr Ivan",-98.7239509,32.8276216
"02449245","BRUSH CREEK NEAR EUTAW AL",-87.9822393,32.8309632
"02465500","FIVEMILE CREEK NEAR GREENSBORO AL",-87.6066736,32.832628
"08061700","Duck Ck nr Garland",-96.595548,32.83290425
"08086500","Hubbard Ck nr Breckenridge",-98.9481246,32.8370625
"02346180","FLINT RIVER NEAR THOMASTON",-84.4240868,32.8390223
"02481880","PEARL RIVER AT BURNSIDE",-89.0977778,32.84138889
"02447025","TOMBIGBEE R AT HEFLIN L&D NR GAINESVILLE ALA.",-88.1561363,32.8481856
"07347000","KELLY BYU NR HOSSTON",-93.8724017,32.85708408
"08088610","Brazos Rv nr Graford",-98.411719,32.85817854
"08055700","Bachman Br at Dallas",-96.8538916,32.86040457
"08089000","Brazos Rv nr Palo Pinto",-98.3025492,32.8626236
"08088600","Brazos Rv at Morris Sheppard Dam nr Graford",-98.425886,32.87206697
"07364500","(COE) Bayou Bartholomew near Beekman",-91.8679054,32.87235338
"07289500","BIG BLACK RIVER AT PICKENS",-89.9661952,32.8806878
"02339500","CHATTAHOOCHEE RIVER AT WEST POINT",-85.18216359,32.88623868
"07366000","CORNEY BYU NR LILLIE",-92.6570973,32.8876414
"08057200","White Rk Ck at Greenville Ave",-96.7566664,32.88929207
"07344400","Red River near Hosston",-93.8224008,32.8931941
"08017300","S Fk Sabine Rv nr Quinlan",-96.2533118,32.89790085
"02346500","POTATO CREEK NEAR THOMASTON",-84.3624197,32.90429826
"07349500","Bodcau Bayou near Sarepta",-93.4829512,32.9051392
"02416000","TALLAPOOSA RIVER AT STURDIVANT AL",-85.8710728,32.9134576
"08049550","Big Bear Ck nr Grapevine",-97.129178,32.9134593
"02408540","HATCHET CREEK BELOW ROCKFORD AL",-86.2702507,32.9167896
"08061500","E Fk Trinity Rv nr Rockwall",-96.5058219,32.92373399
"07366200","Little Corney Bayou near Lillie",-92.6329305,32.9293064
"08084800","California Ck nr Stamford",-99.642588,32.93094435
"02448500","NOXUBEE RIVER NR GEIGER",-88.2978103,32.9326287
"08085500","Clear Fk Brazos Rv at Ft Griffin",-99.2245215,32.9345557
"02408500","HATCHET CREEK NEAR ROCKFORD AL",-86.218305,32.9451222
"02424000","CAHABA RIVER AT CENTREVILLE AL",-87.1391623,32.9451238
"08044800","Walnut Ck at Reno",-97.5830798,32.94568035
"07364700","BYU DE LOUTRE NR LARAN",-92.4998704,32.955414
"08061540","Rowlett Ck nr Sachse",-96.6144378,32.95984447
"08087300","Clear Fk Brazos Rv at Eliasville",-98.7667298,32.9601177
"08055500","Elm Fk Trinity Rv nr Carrollton",-96.94445,32.965957
"02345500","FLINT RIVER NEAR WOODBURY",-84.5327016,32.96651797
"08057100","White Rk Ck at Keller Spgs Rd",-96.8055566,32.9704007
"07367700","Boeuf River near AR/LA State Line",-91.4419444,32.97305556
"02414715","TALLAPOOSA RIVER NR NEW SITE",-85.7396808,32.97734526
"08055000","Denton Ck nr Grapevine",-97.0127857,32.9870677
"07364200","Bayou Bartholomew near Jones",-91.6556779,32.9904049
"08018730","Burke Ck nr Yantis",-95.6219013,32.99067368
"07369700","Bayou Macon nr Kilbourne",-91.2626119,32.9931799
"07348700","Bayou Dorcheat near Springhill",-93.39656,32.9945813
"02465493","ELLIOTTS CREEK AT MOUNDVILLE AL",-87.6222295,32.99734636
"07344500","Big Cypress Ck nr Pittsburg",-94.8821554,33.02095787
"07344482","Big Cypress Ck nr Winnsboro",-95.2702213,33.0234537
"08061000","E Fk Trinity Rv nr Lavon",-96.4755429,33.02373066
"08088000","Brazos Rv nr South Bend",-98.6439481,33.02428377
"02484000","YOCKANOOKANY RIVER NR KOSCIUSKO",-89.5777778,33.0322222
"07345000","Boggy Ck nr Daingerfield",-94.7877084,33.0362364
"07365800","Cornie Bayou near Three Creeks",-92.9405556,33.03805556
"02447000","SIPSEY RIVER NEAR PLEASANT RIDGE AL",-88.105858,33.03873636
"08054000","Denton Ck nr Roanoke",-97.2050145,33.0401228
"08053000","Elm Fk Trinity Rv nr Lewisville",-96.9611173,33.0456773
"07346140","Frazier Ck nr Linden",-94.2901904,33.05402005
"02423800","LITTLE CAHABA RIVER NEAR BRIERFIELD AL",-86.95276899,33.0576205
"02415000","HILLABEE CREEK NEAR HACKNEYVILLE AL",-85.8780186,33.06539786
"07365900","THREE CREEKS NEAR THREE CREEKS",-92.8840495,33.0670817
"02448000","NOXUBEE RIVER AT MACON",-88.5587778,33.0723611
"07344493","Big Cypress Ck at US Hwy 271 nr Pittsburg",-94.9652278,33.07293056
"02444500","TOMBIGBEE RIVER NEAR COCHRANE",-88.2378093,33.08123655
"08044500","W Fk Trinity Rv nr Boyd",-97.558636,33.08539917
"07344370","Red River at Spring Bank",-93.8594444,33.08944444
"02339000","YELLOWJACKET CREEK NEAR LAGRANGE",-85.0610504,33.09095625
"07369680","Bayou Macon at Eudora",-91.2544444,33.10027778
"07287404","HARLAND CREEK NR HOWARD",-90.1734194,33.10179419
"07287400","BLACK CREEK AT LEXINGTON",-90.0533333,33.10527778
"02414500","TALLAPOOSA RIVER AT WADLEY AL",-85.5607875,33.11678684
"08053500","Denton Ck nr Justin",-97.2905732,33.11901003
"02339225","WEHADKEE CREEK BELOW ROCK MILLS",-85.2491113,33.1223435
"08017200","Cowleech Fk Sabine Rv at Greenville",-96.0769164,33.1328933
"07287355","FANNEGUSHA CREEK NR HOWARD",-90.1961111,33.13805556
"02465292","CRIBBS MILL CREEK AT WW PLANT AT TUSCALOOSA",-87.5647288,33.17484164
"08059500","Sister Grove Ck nr Princeton",-96.4758193,33.1931713
"07289350","BIG BLACK RIVER AT WEST",-89.7711111,33.19444444
"08059000","E Fk Trinity Rv nr McKinney",-96.595824,33.20372724
"02465000","BLACK WARRIOR RIVER AT NORTHPORT AL",-87.5900074,33.20928528
"02444160","TOMBIGBEE RIVER AT BEVILL L&D NR PICKENSVILLE",-88.2886454,33.21067874
"02463500","HURRICANE CREEK NEAR HOLT AL",-87.4475035,33.21122917
"07342465","S Sulphur Rv at Commerce",-95.9141328,33.21177979
"08088300","Briar Ck nr Graham",-98.6186695,33.21205664
"08052745","Doe Br at US Hwy 380 nr Prosper",-96.8919475,33.2192846
"07342470","S Sulphur Rv nr Commerce",-95.8627421,33.21983497
"02447500","NOXUBEE RIVER NEAR BROOKSVILLE",-88.7028273,33.2251247
"08044000","Big Sandy Ck nr Bridgeport",-97.6947538,33.23178218
"08058900","E Fk Trinity Rv at McKinney",-96.6088797,33.24400417
"02344500","FLINT RIVER NEAR GRIFFIN",-84.4291667,33.24416667
"02445000","LUBBUB CREEK NR CARROLLTON",-88.083359,33.2501205
"07344000","Sulphur Rv nr Darden",-94.6168704,33.2501213
"02462951","BLACK WARRIOR RIVER AT HOLT L&D NEAR HOLT AL.",-87.4491703,33.25317258
"02446500","SIPSEY RIVER NR ELROD",-87.7764022,33.25706249
"07342480","Middle Sulphur Rv at Commerce",-95.9155217,33.26650079
"08043950","Big Sandy Ck nr Chico",-97.6786424,33.27428117
"08058500","Honey Ck nr McKinney",-96.6577703,33.27844798
"08042700","North Ck nr Jacksboro",-98.2983819,33.2826125
"08052700","Little Elm Ck nr Aubrey",-96.8927805,33.28344977
"02465200","LAKE CREEK NEAR NORTHPORT AL",-87.6833437,33.2862283
"02407000","COOSA RIVER AT CHILDERSBURG AL",-86.36386659,33.29177917
"08042800","W Fk Trinity Rv nr Jacksboro",-98.0805979,33.29177926
"08059400","Sister Grove Ck nr Blue Ridge",-96.4830413,33.29455786
"02462800","DAVIS CREEK BELOW ABERNANT AL",-87.2194424,33.3084478
"07343450","Sulphur Rv at IH 30 nr Dalby Springs",-94.6980556,33.30944444
"0242354750","CAHABA VALLEY CREEK AT CROSS CR RD AT PELHAM",-86.8063775,33.31344546
"02344700","LINE CREEK NEAR SENOIA",-84.5222222,33.31916667
"07343500","White Oak Ck nr Talco",-95.0927184,33.32233617
"02423630","SHADES CREEK NEAR GREENWOOD AL",-86.9497141,33.3262234
"02412500","TALLAPOOSA RIVER NEAR OFELIA",-85.5919005,33.32622575
"08082700","Millers Ck nr Munday",-99.4650825,33.32926607
"08051500","Clear Ck nr Sanger",-97.1794587,33.3362269
"07287150","ABIACA CREEK NR SEVEN PINES",-90.1513889,33.34
"02413500","LITTLE TALLAPOOSA RIVER NEAR WEDOWEE AL",-85.5452326,33.349281
"02464500","NORTH RIVER (SITE B) NR TUSCALOOSA",-87.5533395,33.35400475
"07342500","S Sulphur Rv nr Cooper",-95.5949562,33.356499
"02406500","TALLADEGA CREEK AT ALPINE AL",-86.2341414,33.35955497
"02423500","CAHABA RIVER NEAR ACTON AL",-86.8130446,33.36344373
"08052650","Little Elm Ck nr Celina",-96.8238876,33.3653912
"07349430","BODCAU CREEK AT STAMPS",-93.5223986,33.36679128
"02423496","CAHABA RIVER NEAR HOOVER",-86.7841551,33.3692767
"07362100","Smackover Creek near Smackover",-92.7766667,33.37527778
"02405800","TALLADEGA CREEK ABOVE TALLADEGA AL",-86.0227466,33.37733247
"08082180","N Croton Ck nr Knox City",-100.0812116,33.38314796
"08050500","Elm Fk Trinity Rv nr Sanger",-97.0850105,33.38650347
"07343200","Sulphur Rv nr Talco",-95.0624408,33.39066814
"07288650","BOGUE PHALIA NR LELAND",-90.8477778,33.39666667
"0728875070","DEER CREEK EAST OF LELAND",-90.8919444,33.4011111
"08051000","Isle Du Bois Ck nr Pilot Point",-97.0127854,33.4065031
"02464146","TURKEY CREEK NEAR TUSCALOOSA",-87.5105601,33.41344824
"02344350","FLINT RIVER NEAR LOVEJOY",-84.3847222,33.41555556
"02423425","CAHABA RIVER NEAR CAHABA HEIGHTS AL",-86.7397099,33.4156637
"02461500","VALLEY CREEK NEAR BESSEMER",-86.9827711,33.4192762
"02464360","BINION CREEK BELOW GIN CREEK NEAR SAMANTHA AL",-87.6425091,33.42483704
"02413300","LITTLE TALLAPOOSA RIVER NEAR NEWELL AL",-85.399118,33.43733498
"02423414","LITTLE CAHABA RIVER AT CAH BEA RD NR CAHABA HTS AL",-86.6988758,33.43982948
"02462000","VALLEY CREEK NEAR OAK GROVE AL",-87.1222186,33.44733226
"02405500","KELLY CREEK NEAR VINCENT AL",-86.386924,33.44760728
"02446000","SIPSEY RIVER AT MOORES BRIDGE AL",-87.7639024,33.44844789
"02462500","BLACK WARRIOR R AT BANKHEAD L&D NEAR BESSEMER AL",-87.3541677,33.4584457
"02423410","L. CAHABA R. BL LK PURDY DAM NR CAHABA HTS.",-86.6702642,33.4601065
"07343000","N Sulphur Rv nr Cooper",-95.5877347,33.47483009
"07332600","Bois D'Arc Ck nr Randolph",-96.2147,33.47566345
"02338000","CHATTAHOOCHEE RIVER NEAR WHITESBURG",-84.9007722,33.4770577
"02464000","NORTH RIVER NEAR SAMANTHA AL",-87.5972297,33.47928058
"02423380","CAHABA RIVER NEAR MOUNTAIN BROOK AL",-86.7127653,33.4817724
"02423400","LITTLE CAHABA RIVER NR JEFFERSON PARK",-86.6141521,33.4998273
"02443500","LUXAPALLILA CREEK NR COLUMBUS",-88.3952778,33.51416667
"02344300","CAMP CREEK NEAR FAYETTEVILLE",-84.4274259,33.5167795
"02441390","TOMBIGBEE RIVER AT STENNIS LOCK AND DAM",-88.4894444,33.5175
"02458450","VILLAGE CREEK AT AVENUE W AT ENSLEY",-86.8791584,33.5176059
"02405000","COOSA RIVER NEAR CROPWELL AL",-86.2260868,33.52149445
"02423398","LITTLE CAHABA RIVER NEAR LEEDS AL",-86.5755404,33.52427129
"07287000","YAZOO RIVER AT GREENWOOD",-90.1816667,33.52444444
"08050840","Range Ck nr Collinsville",-96.8072191,33.52622016
"02337500","SNAKE CREEK NEAR WHITESBURG",-84.9282734,33.52955639
"02423397","LITTLE CAHABA RIVER BELOW LEEDS",-86.5624847,33.53454886
"02458300","VILLAGE CREEK AT 24TH ST. AT BIRMINGHAM",-86.8174907,33.54260504
"07288500","BIG SUNFLOWER RIVER AT SUNFLOWER",-90.5431441,33.5473397
"07343300","Cuthand Ck nr Bogata",-95.1730018,33.54760929
"02458600","VILLAGE CREEK NEAR DOCENA",-86.9258266,33.5481615
"02404400","CHOCCOLOCCO CREEK AT JACKSON SHOAL NR LINCOLN AL",-86.0969163,33.5484383
"07337000","Red River at Index",-94.0411111,33.55194444
"08050800","Timber Ck nr Collinsville",-96.9472267,33.55455428
"02443000","LUXAPALLILA CREEK AT STEENS",-88.3152778,33.56027778
"02404500","CHOCCOLOCCO CREEK NEAR LINCOLN AL",-86.1263617,33.56066019
"02404000","CHOCCOLOCCO CREEK NEAR JENIFER AL",-85.93052259,33.5706606
"08082500","Brazos Rv at Seymour",-99.2675756,33.58092766
"07362000","Ouachita River at Camden",-92.8180556,33.59638889
"02457595","FIVEMILE CREEK NEAR REPUBLIC",-86.8680483,33.5970492
"02457000","FIVEMILE CREEK AT KETONA AL",-86.7555457,33.60149249
"02403500","W  12 COLDWATER SPRING NR ANNISTON",-85.9258005,33.60288199
"02402500","COOSA RIVER AT RIVERSIDE AL",-86.1991419,33.60565898
"02440500","CHUQUATONCHEE CREEK NR WEST POINT",-88.7091667,33.6072222
"07341500","RED RIVER AT FULTON",-93.8137942,33.60734285
"08050300","Elm Fk Trinity Rv nr Muenster",-97.3827983,33.61010775
"02423130","CAHABA RIVER AT TRUSSVILLE",-86.599431,33.62232504
"02412000","TALLAPOOSA RIVER NEAR HEFLIN",-85.5132894,33.622885
"08050400","Elm Fk Trinity Rv at Gainesville",-97.1564016,33.62427479
"07364150","Bayou Bartholomew near McGehee",-91.4458333,33.62777778
"07311800","S Wichita Rv nr Benjamin",-99.8009252,33.644257
"07281600","TALLAHATCHIE RIVER AT MONEY",-90.2111111,33.65138889
"02337170","CHATTAHOOCHEE RIVER NEAR FAIRBURN",-84.6736111,33.65666667
"07314500","Little Wichita Rv nr Archer City",-98.6131124,33.66260225
"02445500","SIPSEY RIVER AT FAYETTE AL",-87.816407,33.66955429
"07332620","Bois D'Arc Ck at FM 1396 nr Honey Grove",-95.9844444,33.6822222
"07336800","Pecan Bayou nr Clarksville",-94.9949441,33.68538644
"07341301","LITTLE RIVER AT MILLWOOD DAM NR ASHDOWN",-93.9649107,33.69123139
"07311900","Wichita Rv nr Seymour",-99.3886905,33.70036966
"07363500","Saline River near Rye",-92.0258333,33.7008333
"02456500","LOCUST FORK AT SAYRE",-86.9833305,33.7098268
"02455980","TURKEY CREEK AT SEWAGE PLANT NEAR PINSON AL",-86.6961013,33.71121273
"02442000","LUXAPALLILA CREEK NEAR FAYETTE AL",-87.8705763,33.71955327
"07316000","Red River near Gainesville",-97.1600129,33.7278833
"02456330","CROOKED CREEK NEAR MORRIS",-86.8666615,33.73621399
"02411930","TALLAPOOSA RIVER BELOW TALLAPOOSA",-85.336342,33.74093858
"02454055","LOST CREEK ABOVE PARRISH",-87.3269483,33.7417756
"02336728","UTOY CREEK AT GREAT SOUTHWEST PKWY NR ATLANTA",-84.5682657,33.74344087
"02453500","MULBERRY FORK AT CORDOVA AL",-87.1702791,33.75760677
"07282075","TOPASHAW CREEK CANAL NR HOHENLINDEN",-89.1786111,33.75805556
"07312100","Wichita Rv nr Mabelle",-99.1428495,33.7600934
"02454000","LOST CREEK NEAR OAKMAN AL",-87.3583383,33.76399789
"07285400","BATUPAN BOGUE AT GRENADA",-89.7875859,33.77400485
"02337000","SWEETWATER CREEK NEAR AUSTELL",-84.6155445,33.77660678
"07282090","TOPASHAW CREEK CANAL NR DERMA",-89.2469444,33.78
"07282097","BEAR CREEK CANAL NR DERMA",-89.250903,33.78622604
"07285500","YALOBUSHA RIVER AT GRENADA",-89.8097222,33.78777778
"02439400","BUTTAHATCHEE RIVER NR ABERDEEN",-88.3152778,33.79
"02411800","LITTLE RIVER NEAR BUCHANAN",-85.11744769,33.79760519
"07285000","YALOBUSHA RIVER AT GRENADA DAM NR GRENADA",-89.7706417,33.8087265
"07315200","E Fk Little Wichita Rv nr Henrietta",-98.0850406,33.81287833
"07282100","TOPASHAW CREEK CANAL NR CALHOUN CITY",-89.3458333,33.8147222
"07332000","Red River near Colbert",-96.5233252,33.8184355
"07331600","Red River at Denison Dam nr Denison",-96.5633264,33.81899124
"02336300","PEACHTREE CREEK AT ATLANTA",-84.40763889,33.82030556
"07311700","N Wichita Rv nr Truscott",-99.7864822,33.82064216
"02437500","TOMBIGBEE RIVER AT ABERDEEN",-88.5186545,33.8206694
"07314900","Little Wichita Rv abv Henrietta",-98.2400458,33.8267666
"02437100","TOMBIGBEE RIVER AT ABERDEEN LOCK AND DAM",-88.52,33.83
"02336120","N.F. PEACHTREE CREEK  BUFORD HWY  NEAR ATLANTA",-84.342703,33.83149307
"07288280","BIG SUNFLOWER RIVER NR MERIGOLD",-90.67,33.8325
"07282000","YALOBUSHA R AND TOPASHAW C CA AT CALHOUN CITY",-89.3155556,33.8386111
"02401390","BIG CANOE CREEK AT ASHVILLE AL",-86.2627559,33.8398211
"02440000","CHUQUATONCHEE CREEK NR EGYPT",-88.7619444,33.84
"07336750","Little Pine Ck nr Kanawha",-95.2655082,33.84066298
"07335400","Sanders Ck nr Chicota",-95.5446813,33.8526043
"02336000","CHATTAHOOCHEE RIVER AT ATLANTA",-84.4544444,33.85916667
"07281000","TALLAHATCHIE RIVER AT SWAN LAKE",-90.2764772,33.859837
"07281960","YALOBUSHA RIVER AT VARDAMAN",-89.1730556,33.8661111
"07364133","Bayou Bartholomew at Garrett Bridge",-91.6561111,33.86638889
"02450180","MULBERRY FORK NEAR ARKADELPHIA",-86.9222211,33.87204689
"07335500","Red River at Arthur City",-95.5019023,33.8751049
"07361600","LITTLE MISSOURI RIV NR BOUGHTON",-93.3046161,33.8781625
"07315500","Red Rv nr Terral",-97.9344798,33.8787106
"02401500","BIG CANOE CREEK NEAR GADSDEN",-86.109974,33.9031538
"07312200","Beaver Ck nr Electra",-98.9050666,33.90592785
"07312500","Wichita Rv at Wichita Falls",-98.5336663,33.90954178
"07340000","Little River near Horatio",-94.3866667,33.91944444
"02439000","BUTTAHATCHEE RIVER NEAR SULLIGENT AL",-88.101977,33.92982835
"07338000","Little River near Idabel",-94.8263285,33.93566479
"02335870","SOPE CREEK NEAR MARIETTA",-84.4433333,33.95388889
"02400000","TERRAPIN CREEK NEAR PIEDMONT AL",-85.5771826,33.9564895
"07341200","Saline River near Lockesburg",-94.0616667,33.9622222
"02335350","CROOKED CREEK NEAR NORCROSS",-84.2649225,33.96510067
"02335815","CHATTAHOOCHEE RIVER BELOW MORGAN FALLS DAM",-84.3827778,33.96805556
"02401470","LITTLE CANOE CREEK NEAR STEELE",-86.177754,33.9692643
"07283000","SKUNA RIVER AT BRUCE",-89.3477778,33.9736111
"07280340","SOUTH FORK TILLATOBA CREEK NR CHARLESTON",-89.9792558,33.97844676
"02335450","CHATTAHOOCHEE RIVER ABOVE ROSWELL",-84.3160356,33.98593369
"02335000","CHATTAHOOCHEE RIVER NEAR NORCROSS",-84.2019444,33.9972222
"02335500","CHATTAHOOCHEE RIVER NEAR ROSWELL",-84.3313139,34.0056555
"02400500","COOSA RIVER AT GADSDEN AL",-85.9977494,34.0103752
"02433500","TOMBIGBEE RIVER AT BIGBEE",-88.5136111,34.01138889
"02335757","BIG CREEK BELOW HOG WALLOW CREEK AT ROSWELL",-84.3533333,34.0175
"02334885","SUWANEE CREEK AT SUWANEE",-84.08935639,34.03232319
"02451000","CLEAR CREEK AT FALLS CITY AL",-87.3000113,34.03482728
"07361500","Antoine River at Antoine",-93.4180556,34.03888889
"07339000","Mountain Fork near Eagletown",-94.6199358,34.04177757
"07340500","Cossatot River near DeQueen",-94.2125,34.045
"07361000","LITTLE MISSOURI RIVER NEAR MURFREESBORO",-93.7201825,34.04872059
"02335700","BIG CREEK NEAR ALPHARETTA",-84.2694444,34.05055556
"02450500","SIPSEY FORK NEAR FALLS CITY AL",-87.2669554,34.0520493
"07312700","Wichita Rv nr Charlie",-98.2967139,34.0531504
"02436500","TOWN CREEK NR NETTLETON",-88.6280556,34.05916667
"02397500","CEDAR CREEK NEAR CEDARTOWN",-85.313023,34.06145999
"02400100","TERRAPIN CREEK AT ELLISVILLE AL",-85.6141287,34.06509836
"07337500","Little River near Wright City",-95.0466157,34.06955059
"02394950","HILLS CREEK NEAR TAYLORSVILLE",-84.9506882,34.0755154
"02449882","BLUE SPRINGS CREEK NEAR BLOUNTSVILLE",-86.60777,34.0798198
"02450825","CLEAR C AT NEW HOPE CHURCH NR POPLAR SPRINGS",-87.422793,34.08121506
"07360800","MUDDY FORK CREEK NEAR MURFREESBORO",-93.7521282,34.08344265
"02433000","BULL MOUNTAIN CREEK NR SMITHVILLE",-88.3905988,34.08844049
"07341000","Saline River near Dierks",-94.085,34.0961111
"07337900","Glover River near Glover",-94.9021667,34.09760677
"02438000","BUTTAHATCHEE RIVER BELOW HAMILTON AL",-87.9894765,34.10621294
"02436000","CHIWAPA CREEK AT SHANNON",-88.7222222,34.11
"07363200","Saline River near Sheridan",-92.4055556,34.1161111
"02392500","LITTLE RIVER NEAR ROSWELL",-84.38825969,34.11926438
"07360000","OUACHITA RIVER AT ARKADELPHIA",-93.046284,34.12120694
"02334500","CHATTAHOOCHEE RIVER NEAR BUFORD",-84.0935233,34.12621057
"07274251","TOWN CREEK AT WATER VALLEY",-89.6333333,34.1475
"07360501","LITTLE MO RIV AT NARROWS DAM NR MUFREESBORO",-93.7151854,34.14844045
"07275000","YOCONA RIVER AT ENID DAM",-89.9039783,34.15816665
"02399500","COOSA RIVER AT LEESBURG AL",-85.7538552,34.1767623
"07359910","CADDO RIVER AT DEGRAY REGULATING DAM",-93.1001742,34.17731706
"07280000","TALLAHATCHIE RIVER NR LAMBERT",-90.2153694,34.1806676
"02397000","COOSA RIVER (MAYO'S BAR) NEAR ROME",-85.2566196,34.20037286
"07336500","Kiamichi River near Belzoni",-95.4844085,34.20065806
"02431500","TOMBIGBEE R AT BEANS FERRY NR FULTON",-88.400601,34.20593886
"02395000","ETOWAH RIVER NEAR KINGSTON",-84.9786749,34.20903968
"07275530","PETERS (LONG) CREEK NR POPE",-89.9819444,34.21388889
"07311500","Deep Red Creek near Randlett",-98.4531104,34.22092454
"07363400","Hurricane Creek below Sheridan",-92.3725,34.2286111
"02435020","TOWN CREEK AT EASON BOULEVARD AT TUPELO",-88.6958333,34.23555556
"02392000","ETOWAH RIVER AT CANTON",-84.4946733,34.23992866
"02395120","TWO RUN CREEK NEAR KINGSTON",-84.8897222,34.24277778
"07335000","Clear Boggy Creek near Caney",-96.2055454,34.25259007
"02396000","ETOWAH RIVER AT ROME",-85.1582835,34.25731583
"02398500","CHATTOOGA RIVER AT GAYLESVILLE AL",-85.5607947,34.2631484
"02431000","TOMBIGBEE RIVER NR FULTON",-88.4452778,34.265
"07359800","CADDO RIVER NEAR ALPINE",-93.362681,34.2667627
"07274000","YOCONA RIVER NR OXFORD",-89.5213889,34.2733333
"02450250","SIPSEY FORK NEAR GRAYSON AL",-87.3989084,34.28537757
"02399200","LITTLE RIVER NEAR BLUE POND AL",-85.6805204,34.2889813
"02398300","CHATTOOGA RIVER ABOVE GAYLESVILLE AL",-85.5091268,34.29036965
"02390140","SETTINGDOWN CREEK NEAR BALL GROUND",-84.2635319,34.2931497
"02388500","OOSTANAULA RIVER NEAR ROME",-85.138005,34.29842576
"07336000","Tenmile Creek near Miller",-95.7446983,34.29871038
"02430880","CUMMINGS CREEK NR FULTON",-88.3711111,34.30444444
"07360200","Little Missouri River near Langley",-93.8997222,34.31166667
"07363300","HURRICANE CR NR SHERIDAN",-92.3445969,34.31954068
"02333000","CHATTAHOOCHEE RIVER NEAR GAINESVILLE",-83.8793471,34.32148888
"07271000","CLEAR CREEK NR OXFORD",-89.6584187,34.35566234
"02383000","ROCK CREEK NEAR FAIRMOUNT",-84.7793817,34.3589809
"07311000","East Cache Creek near Walters",-98.2825468,34.36230747
"07273100","HOTOPHA CREEK NR BATESVILLE",-89.8786111,34.36388889
"02388300","HEATH CREEK NEAR ROME",-85.2713428,34.36592344
"02388320","HEATH CREEK NEAR ARMUCHEE",-85.26388889,34.37166667
"02434500","EUCLAUTUBBA CREEK AT SALTILLO",-88.6992204,34.37177026
"07340300","Cossatot River near Vandervoort",-94.2363889,34.38
"02389000","ETOWAH RIVER NEAR DAWSONVILLE",-84.0557442,34.38259579
"07359610","Caddo River near Caddo Gap",-93.6061111,34.38277778
"07332390","Blue River near Connerville",-96.6005579,34.383426
"02430615","MUD CREEK NR FAIRVIEW",-88.355,34.3925
"02399000","LITTLE RIVER NEAR JAMESTOWN",-85.6266308,34.39758896
"07272500","LITTLE TALLAHATCHIE RIVER AT SARDIS DAM",-89.7861992,34.3992732
"07266000","CANE CREEK NR NEW ALBANY",-88.9556172,34.40565848
"02434250","TISHOMINGO CREEK NR SALTILLO",-88.7528333,34.40843614
"02389300","SHOAL CREEK NEAR DAWSONVILLE",-84.1463036,34.42037165
"02390000","AMICALOLA CREEK NEAR DAWSONVILLE",-84.2118618,34.42564847
"07359002","Ouachita River at Remmel Dam above Jones Mill",-92.8908333,34.4261111
"07265000","CROOKED CREEK NEAR HUMPHREY",-91.66790759,34.42648556
"07359001","Ouachita River below Remmel Dam at Jones Mill",-92.881005,34.43064679
"02400680","BIG WILLS CREEK AT STATE HWY 35 NR FORT PAYNE",-85.7671907,34.43814386
"07333800","McGee Creek near Stringtown",-95.8697066,34.44259625
"02430680","TWENTYMILE CREEK NR GUNTOWN",-88.5772222,34.45277778
"07264500","BAYOU METO NR STUTTGART",-91.61624,34.45426349
"07333500","Chickasaw Creek near Stringtown",-96.0269354,34.46148246
"07338750","Mountain Fork at Smithville",-94.6352202,34.4623262
"02398000","CHATTOOGA RIVER AT SUMMERVILLE",-85.3361111,34.46638889
"02430085","RED BUD CREEK NR MOORES MILL",-88.2836111,34.46666667
"02382000","SCARECORN CREEK AT HINTON",-84.59098919,34.47614535
"07268000","LITTLE TALLAHATCHIE RIVER AT ETTA",-89.2244444,34.4825
"02430100","MACKEYS CREEK NR MOORES MILL",-88.3456019,34.48704294
"07313000","Little Beaver Creek near Duncan",-98.1142068,34.49313567
"02388900","ETOWAH RIVER NEAR DAHLONEGA",-84.0602778,34.51555556
"02382200","TALKING ROCK CREEK NEAR HINTON",-84.6111111,34.52277778
"02430000","MACKEYS CREEK NR DENNIS",-88.3228236,34.52620847
"02333500","CHESTATEE RIVER NEAR DAHLONEGA",-83.9397222,34.52805556
"07078000","LAGRUE BAYOU NEAR STUTTGART",-91.3556799,34.53204204
"02429949","LITTLE BROWN CREEK NR NEW SITE",-88.4006032,34.53731977
"02331600","CHATTAHOOCHEE RIVER NEAR CORNELIA",-83.622775,34.5407222
"02429955","WEST CANAL LITTLE BROWN CREEK NR NEW SITE",-88.4044922,34.54148634
"07356500","SOUTH FORK OUACHITA RIVER AT MOUNT IDA",-93.636026,34.5603748
"02383500","COOSAWATTEE RIVER NEAR PINE CHAPEL",-84.8330556,34.56416667
"02388000","WEST ARMUCHEE CREEK NEAR SUBLIGNA",-85.1603035,34.56775107
"07363000","Saline River at Benton",-92.6102778,34.56777778
"02381600","FAUSETT CREEK NEAR TALKING ROCK",-84.4688155,34.57036618
"07357501","OUACHITA RIV AT BLAKELY MTN DAM NR HOT SPRINGS",-93.1937965,34.571757
"07335790","Kiamichi River near Clayton",-95.3408025,34.5748229
"02331000","CHATTAHOOCHEE RIVER NEAR LEAF",-83.6357316,34.57704154
"02387500","OOSTANAULA RIVER AT RESACA",-84.9418528,34.5771111
"07357000","LAKE OUACHITA NEAR HOT SPRINGS",-93.2057413,34.6000908
"02382500","COOSAWATTEE RIVER AT CARTERS",-84.6954905,34.60369697
"07356000","Ouachita River near Mount Ida",-93.6975,34.61
"07277730","SENATOBIA CREEK NR SENATOBIA",-89.9413889,34.61666667
"07311200","Blue Beaver Creek near Cache",-98.5636712,34.62340607
"02429900","BIG BROWN CREEK NR BOONEVILLE",-88.445,34.6247222
"07277700","HICKAHALA CREEK NR SENATOBIA",-89.9244444,34.63194444
"07335700","Kiamichi River near Big Cedar",-94.6127236,34.63843685
"02429980","POLLARD MILL BRANCH AT PADEN",-88.24888889,34.65388889
"02387000","CONASAUGA RIVER AT TILTON",-84.9282765,34.6667494
"02380500","COOSAWATTEE RIVER NEAR ELLIJAY",-84.5085398,34.67508566
"02379500","CARTECAY RIVER NEAR ELLIJAY",-84.4585376,34.68425248
"07077800","WHITE RIVER AT CLARENDON",-91.3154036,34.6856517
"02380000","ELLIJAY RIVER AT ELLIJAY",-84.4790941,34.69258547
"02330450","CHATTAHOOCHEE RIVER AT HELEN",-83.72888889,34.7008333
"02385800","HOLLY CREEK NEAR CHATSWORTH",-84.77,34.71666667
"07277500","COLDWATER RIVER NR COLDWATER",-89.9889794,34.72065667
"07264000","Bayou Meto near Lonoke",-91.9158333,34.73666667
"07278500","COLDWATER RIVER AT ARKABUTLA DAM",-90.12426,34.75732244
"02385500","MILL CREEK AT DALTON",-84.9749453,34.78841288
"07077000","White River at DeValls Bluff",-91.4447222,34.79444444
"07309435","Jimmy Creek nr Meers",-98.5841667,34.79694444
"07362587","Alum Fork Saline River near Reform",-92.9338889,34.7975
"07277000","PIGEONROOST CREEK NR LEWISBURG",-89.8224206,34.83031955
"07276000","COLDWATER RIVER NR LEWISBURG",-89.8256429,34.84093038
"02384540","MILL CREEK NEAR CRANDALL",-84.7213262,34.8720238
"07275900","COLDWATER RIVER NR OLIVE BRANCH",-89.7533333,34.9075
"07029270","HATCHIE RIVER NR WALNUT",-88.7875557,34.94175668
"07047950","LAnguille River at Palestine",-90.8855556,34.97277778
"07076850","CYPRESS BAYOU NEAR BEEBE",-91.8731964,35.02508737
"07032260","CYPRESS CREEK AT NEELY RD",-90.0566559,35.02681187
"07030392","WOLF RIVER AT LAGRANGE",-89.246736,35.03258978
"07077555","Cache River near Cotton Plant",-91.3225,35.03555556
"07032200","NONCONNAH CREEK NEAR GERMANTOWN",-89.81897519,35.04981397
"07030500","WOLF RIVER AT ROSSVILLE",-89.5411896,35.05425748
"07029400","HATCHIE RIVER AT POCAHONTAS TENN (CE)",-88.7993333,35.05575957
"07029380","CYPRESS CREEK NEAR RAMER TENN (CE)",-88.6550508,35.0661973
"07032248","CANE CREEK AT EAST PERSON AVENUE AT MEMPHIS TENN",-90.012035,35.10064614
"07031650","WOLF RIVER AT GERMANTOWN",-89.8014742,35.11647925
"07031692","FLETCHER CREEK AT SYCAMORE VIEW ROAD AT MEMPHIS",-89.8661254,35.16936978
"07031740","WOLF RIVER AT HOLLYWOOD ST AT MEMPHIS",-89.9756447,35.1878666
"07031700","WOLF RIVER AT RALEIGH",-89.9229016,35.201683
"07047902","ST FRANCIS RIVER AT LATITUDE OF WITTSBURG",-90.6334413,35.2167552
"07029500","HATCHIE RIVER AT BOLIVAR",-88.9766303,35.27532938
"07030280","LOOSAHATCHIE RIVER AT BRUNSWICK",-89.7656386,35.28119795
"07030240","LOOSAHATCHIE RIVER NEAR ARLINGTON",-89.6395599,35.3109497
"07047600","TYRONZA RIVER NEAR TYRONZA",-90.3801007,35.50508234
"07047500","ST FRANCIS RIVER AT MARKED TREE",-90.424269,35.5223041
"07030000","HATCHIE RIVER NEAR STANTON",-89.3492375,35.52285789
"07027500","SOUTH FORK FORKED DEER RIVER AT JACKSON",-88.8145023,35.593962
"07047000","ST. FRANCIS R FLOODWAY NR MARKED TREE",-90.4501037,35.60008007
"07030050","HATCHIE RIVER AT RIALTO",-89.609455,35.63733496
"07046600","Right hand chute of Little River @ Rivervale",-90.3380556,35.67194444
"07027720","SOUTH FORK FORKED DEER RIVER NEAR OWL CITY",-89.2122764,35.71876687
"07028960","MIDDLE FORK FORKED DEER RIVER NEAR FAIRVIEW",-88.8464482,35.74423586
"07027800","SOUTH FORK FORKED DEER RIVER NEAR GATES",-89.3559048,35.8175749
"07040450","St. Francis River at Lake City",-90.4325,35.8208333
"07029000","MIDDLE FORK FORKED DEER RIVER NEAR ALAMO",-89.0667323,35.8506268
"07077380","Cache River at Egypt",-90.9330556,35.8575
"07028000","SOUTH FORK FORKED DEER RIVER AT CHESTNUT BLUFF",-89.3478492,35.86201858
"07028100","S FK FORKED DEER RIVER NEAR HALLS",-89.3903502,35.9292399
"07024300","BEAVER CREEK AT HUNTINGDON",-88.4335481,35.99883725
"07029100","NORTH FORK FORKED DEER RIVER AT DYERSBURG",-89.387017,36.0303493
"07025000","RUTHERFORD FORK OBION RIVER NEAR BRADFORD",-88.8889525,36.0609002
"07024200","CROOKED CREEK NEAR HUNTINGDON",-88.4047713,36.0645057
"07024500","SOUTH FORK OBION RIVER NEAR GREENFIELD",-88.8108946,36.1181209
"07026300","OBION RIVER NEAR BOGOTA",-89.4289623,36.13673665
"07044000","Little River Ditch 251 near Kennett",-89.9783778,36.23633056
"07042000","Little River Ditch 1 near Kennett",-89.9808417,36.23644167
"07045000","LITTLE RIVER DITCH 66 NEAR KENNETT MO",-89.9794861,36.23651667
"07041000","Little River Ditch 81 near Kennett",-89.9823583,36.23654444
"07026040","OBION RIVER AT HWY 51 NEAR OBION",-89.217644,36.2408294
"07025500","NORTH FORK OBION RIVER NEAR UNION CITY",-88.9953418,36.39978596
"07025400","NORTH FORK OBION RIVER NEAR MARTIN",-88.854768,36.4053095
"07040100","St. Francis River at St. Francis",-90.1377778,36.45555556
"07042500","Little River Ditch 251 near Lilbourn",-89.6698833,36.5552
"07024000","BAYOU DE CHIEN NEAR CLINTON",-88.963951,36.6286707
"07022500","PERRY CREEK NEAR MAYFIELD",-88.6325492,36.67922404
"07023500","OBION CREEK AT PRYORSBURG",-88.7264415,36.68616895
"07040000","St. Francis River at Fisk",-90.2008333,36.79027778
"07043500","Little River Ditch No. 1 near Morehouse",-89.7300556,36.83452778
"07039500","St. Francis River at Wappapello",-90.2652778,36.9281111
"07043000","Castor River at Aquilla",-89.9070344,36.9522732
"07023000","MAYFIELD CREEK AT LOVELACEVILLE",-88.8250565,36.952555
"07037700","Clark Creek near Piedmont",-90.6295611,37.18590556
"07037500","St. Francis River near Patterson",-90.5033056,37.19452778
"07037300","Big Creek at Sam A Baker State Park",-90.5065054,37.26116219
"07037000","Big Creek at Des Arc",-90.6290056,37.29245
"07036100","St. Francis River near Saco",-90.4738611,37.3845
"07035800","St. Francis River near Mill Creek",-90.4578889,37.50241667
"07035000","Little St. Francis River at Fredericktown",-90.3129139,37.55936667
"07035500","Barnes Creek near Fredericktown",-90.3837444,37.57241944
"02312720","WITHLACOOCHEE RIVER AT WYSONG DAM AT CARLSON",-82.1831448,28.82331955
"02314500","SUWANNEE RIVER AT US 441 AT FARGO",-82.5605556,30.68055556
"023177483","WITHLACOOCHEE RIVER AT MCMILLAN RDNEAR BEMISS",-83.2684865,30.9526998
"02318500","WITHLACOOCHEE RIVER AT US 84 NEAR QUITMAN",-83.4536111,30.79305556
"02334430","CHATTAHOOCHEE RIVER AT BUFORD DAM NEAR BUFORD",-84.07888889,34.15694444
"02334578","LEVEL CREEK AT SUWANEE DAM ROAD NEAR SUWANEE",-84.0796336,34.096489
"02334620","DICK CREEK AT OLD ATLANTA RD NEAR SUWANEE",-84.1301922,34.07148875
"02336240","S.F. PEACHTREE CREEK JOHNSON RD NEAR ATLANTA",-84.3407585,33.80288264
"02336360","NANCY CREEK AT RICKENBACKER DRIVE AT ATLANTA",-84.37888889,33.86916667
"02336410","NANCY CREEK AT WEST WESLEY ROAD AT ATLANTA",-84.4393734,33.83843787
"02336490","CHATTAHOOCHEE RIVER AT GA 280 NEAR ATLANTA",-84.48,33.81694444
"02336526","PROCTOR CREEK AT JACKSON PARKWAY AT ATLANTA",-84.4743747,33.79427255
"02336635","NICKAJACK CREEK AT US 78/278 NEAR MABLETON",-84.52138889,33.8033333
"02338500","CHATTAHOOCHEE RIVER AT GA 100 AT FRANKLIN",-85.0999417,33.27928486
"02338660","NEW RIVER AT GA 100 NEAR CORINTH",-84.9877161,33.2353974
"02341505","CHATTAHOOCHEE RIVER AT US 280 NEAR COLUMBUS",-84.9952095,32.45319898
"02342070","UPATOI CREEK AT GA 357 AT FORT BENNING",-84.9579857,32.37431279
"02344478","SHOAL CREEK AT SHOAL CREEK ROAD NEAR GRIFFIN",-84.3627778,33.25694444
"02344872","FLINT RIVER BELOW BIG BRANCH NEAR MOLENA",-84.5268689,33.04707117
"02349000","WHITEWATER CR BELOW RAMBULETTE CR NR BUTLER",-84.266026,32.46681525
"02349605","FLINT RIVER AT GA 26 NEAR MONTEZUMA",-84.0436111,32.29305556
"02350900","KINCHAFOONEE CREEK AT PINEWOOD ROAD NR DAWSON",-84.2533333,31.76444444
"02351890","MUCKALEE CREEK AT GA 195 NEAR LEESBURG",-84.1394444,31.7761111
"02353265","ICHAWAYNOCHAWAY CREEK AT GA 37 NEAR MORGAN",-84.5827778,31.52694444
"02384500","CONASAUGA RIVER AT GA 286 NEAR ETON",-84.8507749,34.82785726
"02387600","OOTHKALOOGA CREEK AT GA 53 SPUR AT CALHOUN",-84.9652214,34.49564266
"02388350","ARMUCHEE CREEK AT OLD DALTON ROAD NEAR ROME",-85.1402274,34.36092389
"02389150","ETOWAH RIVER AT GA 9 NEAR DAWSONVILLE",-84.1133333,34.35805556
"02390475","LONG SWAMP CREEK AT REAVIS MTN RD NR NELSON",-84.3474229,34.37481507
"02392360","SHOAL CREEK AT GA 108 NEAR WALESKA",-84.5954872,34.2634282
"02392780","LITTLE RIVER AT GA 5 NEAR WOODSTOCK",-84.50437489,34.1223201
"02393419","ALLATOONA CREEK AT STILESBORO RD NEAR ACWORTH",-84.6930556,33.99527778
"02395980","ETOWAH RIVER AT GA 1 LOOP NEAR ROME",-85.1168932,34.2323166
"02397410","CEDAR CREEK AT GA AVE AT CEDARTOWN",-85.264674,33.99593419
"02341460","CHATTAHOOCHEE RIVER AT 14TH ST AT COLUMBUS",-84.9966667,32.47277778
"02336313","WOODALL CREEK AT DEFOORS FERRY RD AT ATLANTA",-84.4388178,33.8217716
"02331500","SOQUE RIVER AT GA 105 NEAR DEMOREST",-83.59072979,34.57315307
"07338500","Little River blw Lukfata Creek nr Idabel",-94.7585482,33.94122094
"07032222","JOHNS CREEK TRIB AT HOLMES RD NR MEMPHIS",-89.871199,35.0056481
"08048543","W Fk Trinity Rv at Beach St Ft Worth",-97.2894598,32.7517972
"08053009","Indian Ck at FM 2281 Carrollton",-96.9172222,33.02694444
"02334480","RICHLAND CREEK AT SUWANEE DAM ROAD NEAR BUFORD",-84.0699108,34.1325997
"02336030","N.F. PEACHTREE CREEK AT GRAVES RD NR DORAVILLE",-84.2249205,33.9056578
"02336968","NOSES CREEK AT POWDER SPRINGS RDPOWDER SPRINGS",-84.6527123,33.85927138
"02338523","HILLABAHATCHEE CREEK AT THAXTON RD NR FRANKLIN",-85.2268901,33.3406717
"02346310","POTATO CREEK AT COUNTY LINE RD NR ORCHARD HILL",-84.2294444,33.1872222
"02355662","FLINT RIVER AT RIVERVIEW PLANTATION NR HOPEFUL",-84.4802778,31.14055556
"02385170","COAHULLA CREEK AT KEITHS MILL ROAD NEAR DALTON",-84.8804975,34.74341435
"02392950","NOONDAY CREEK AT HAWKINS STORE RD NR WOODSTOCK",-84.5355556,34.05638889
"02392975","NOONDAY CREEK AT SHALLOWFORD ROAD NR WOODSTOCK",-84.5355556,34.0683333
"02394000","ETOWAH RIVER AT ALLATOONA DAM ABV CARTERSVILLE",-84.7410474,34.16315298
"02413000","LITTLE TALLAPOOSA RIVER AT US 27 AT CARROLLTON",-85.0802227,33.59733215
"02301802","TAMPA BYPASS CANAL AT S-160AT TAMPA FL",-82.3706485,27.9561331
"02307498","LAKE TARPON CANAL AT S-551 NEAR OLDSMAR FL",-82.7109336,28.05362833
"02490105","BOGUE LUSA CREEK AT STATE HWY 439 AT BOGALUSA",-89.8734086,30.78240937
